Record Id,Deal Owner.id,Deal Owner,Amount,Deal Name,Closing Date,Property Name.id,Property Name,Stage,Type,Probability (%),Next Step,Description,Principal Name.id,Principal Name,Last Activity Time,Lead Conversion Time,Sales Cycle Duration,Overall Sales Duration,Tag,Pipeline,Territory,Change Log Time,Follow UP Date,Last Contact,Deal Stages - Completed,Number of Facilities in Deal,States Facilities are in,Earnest Money Due Date,Earnest Money Amount,Purchase Price or Offer Amount in LOI,Due Diligence Period Ends,Locked,Closing Date Per PSA,Execution Date,Expiration Date,Commission Rate,Expected Commission,Closing Price,Social Lead ID,Connected To.module,Connected To.id
zcrm_4594564000000657001,zcrm_4594564000000286001,Stan KLos III,25000000,"NELLA'S NURSING HOME, INC.",2020-12-30,zcrm_4594564000074161619,NELLA'S AT AUTUMN LAKE HEALTHCARE,Dead Deal,Portfolio Sale,0,receive financials marcia to send yitzy their nda,lost to autumn lake,zcrm_4594564000000563311,MARCIA BROUGHTON,2025-02-19 13:22:24,,120,120,,Deal Flow,,2025-02-19 13:22:24,,,Sent NDA;Sent Company BIO;Conference Call With Client;LOI,,,,,,,false,,,,,,,,,
zcrm_4594564000000657043,zcrm_4594564000000286001,Stan KLos III,0,St Elizabeth Greenwich,2021-02-27,zcrm_4594564000000532998,SAINT ELIZABETH HOME EAST GREENWICH,Inactive Deal,Single Asset Sale,10,Deal did not go through?,I guess deal did not come through 09-25-2024,zcrm_4594564000000562350,MATT TRIMBLE- CEO,2024-10-30 11:20:29,,179,179,,Deal Flow,,,2024-10-18 10:00:00,,,,,,,,,false,,,,,,,,,
zcrm_4594564000000657063,zcrm_4594564000000286001,Stan KLos III,0,williamsport Nursing HOme- Dennis Hunter,2022-01-20,zcrm_4594564000000551940,WILLIAMSPORT NURSING AND REHABILITATION CENTER,Inactive Deal,Portfolio Sale,10,Revisit,"Stan, as far as an unsolicited proposal goes, our board chair wants to wait and discuss the matter in executive session at our next board meeting, March 9, 2022.  I'll let you know what the board says.",zcrm_4594564000000560856,Wesley Malin,2026-01-21 13:58:19,,506,506,,Deal Flow,,,2024-10-03 10:00:00,2022-02-11 10:00:00,Sent Company BIO;Conference Call With Client,2,Maryland,,,,,false,,,,,,,,,
zcrm_4594564000000664013,zcrm_4594564000000286001,Stan KLos III,,mountain manor,2020-12-01,zcrm_4594564000000545987,MOUNTAIN MANOR,Dead Deal,Operator Placement,0,receive financials.- seller went cold,09-25-2024 ~ Previous Dead Deal // Facility was delicensed due to an imminent risk of harm,zcrm_4594564000000562108,Franklin Fitzpatrick/ BRYAN Fitzpatrick,2024-09-26 13:15:22,,91,91,,Deal Flow,,,2022-01-17 10:00:00,2022-01-13 11:00:00,Sent NDA;Sent Company BIO,,,,,,,false,,,,,,,,,
zcrm_4594564000000664114,zcrm_4594564000000286001,Stan KLos III,0,Cedar Crest,,zcrm_4594564000000544419,CEDAR CREST NURSING CENTRE INC,Inactive Deal,Portfolio Sale,10,Revisit?,he and his father each run a facility . Cedar Crest and Roberts health.,zcrm_4594564000000562348,"RICHARD CATALLOZZI,",2024-12-16 14:41:22,,738,738,,Deal Flow,,,2024-12-16 10:00:00,2022-02-17 11:00:00,Sent Company BIO,,,,,,,false,,,,,,,,,
zcrm_4594564000000664156,zcrm_4594564000000286001,Stan KLos III,0,Smith Field Manor,2020-09-01,zcrm_4594564000000532709,SMITHFIELD MANOR NURSING AND REHAB,Inactive Deal,Portfolio Sale,10,Revisit?,"NATHAN ARNN IS NOW ADMINISTRATOR, DAVID ARNN JR WORKS THERE, ALONG WITH MOTHER. LEASE RUNS OUT AT THE END OF February. Ms. Arnn is a partner in the llc that’s owns buidling. 3 of five people. Receiving 963,000 a year. In the past they have been getting automotic inflation of a celing of 10%. Grover has 20% interest, 2 others with 20% , probably would sell it if the price is right. ----they were not successful in getting the fianncials for the operating company. He does not think that the operator will give up the information. The operator is saying that they want the lease to be close to what other homes are being leased in the area. They may be looking for information to negotaite the lease. When they bought the building. They borrowed an extra 300k they put new roof, paving in parking lot.",zcrm_4594564000000557618,GROVER T DEES,2024-12-16 13:57:03,,0,0,,Deal Flow,,2024-05-15 12:51:18,2024-12-16 10:00:00,2021-10-21 10:00:00,,,,,,,,false,,,,,,,,,
zcrm_4594564000000664520,zcrm_4594564000000286001,Stan KLos III,0,attorney Divine Millimet,2020-09-01,zcrm_4594564000000664509,intro,Inactive Deal,Portfolio Sale,10,Synergies?,09-25-2024 ~ Previous Dead Deal ~ Lm and sent email to Charles to discuss synergies,zcrm_4594564000000563360,Charles Powell,2024-12-20 15:03:43,,0,0,,Deal Flow,,,2024-12-17 10:00:00,2022-01-13 11:00:00,,,,,,,,false,,,,,,,,,
zcrm_4594564000000691231,zcrm_4594564000000286001,Stan KLos III,0,Todd B-,2020-12-31,zcrm_4594564000000523808,O'NEILL HEALTHCARE MIDDLEBURG HEIGHTS,Dead Deal,Single Asset Sale,0,,09-26-2024 ~ Previous Dead Deal ~ Skip - New Ownership (O'Neill Healthcare),,,2024-09-26 13:30:17,,120,120,,Deal Flow,,,,2022-01-12 12:00:00,,,,,,,,false,,,,,,,,,
zcrm_4594564000000719012,zcrm_4594564000000286001,Stan KLos III,0,14 MO 3 IL SNF,2021-09-03,zcrm_4594564000000719001,14 MO 3 IL SNF,Dead Deal,Portfolio Sale,0,,May be sending to SLIB.,zcrm_4594564000000563354,Carl C Lang,2024-09-26 14:54:13,,364,364,,Deal Flow,,,,2022-01-12 10:00:00,,,,,,,,false,,,,,,,,,
zcrm_4594564000000719048,zcrm_4594564000000286001,Stan KLos III,0,SULLIVAN COUNTY HEALTH CARE,2020-12-31,zcrm_4594564000000549299,SULLIVAN COUNTY HEALTH CARE,Dead Deal,Single Asset Sale,0,conference call,knock down old and renovate and expand new.,zcrm_4594564000000562311,JEFFREY BARRETTE,2024-07-02 11:32:19,,118,118,,Deal Flow,,,,2022-01-12 10:00:00,Sent Company BIO,,,,,,,false,,,,,,,,,
zcrm_4594564000000719083,zcrm_4594564000000286001,Stan KLos III,,sent bio,2021-02-24,zcrm_4594564000000719072,sent bio,Dead Deal,Portfolio Sale,0,conference call,09-25-2024 ~ Skip,zcrm_4594564000000558043,Howard J Porter Jr,2024-09-26 13:27:42,,173,173,,Deal Flow,,,,2021-09-27 11:00:00,,,,,,,,false,,,,,,,,,
zcrm_4594564000000719113,zcrm_4594564000000286001,Stan KLos III,,AVE MARIA Green Homes,2021-01-22,zcrm_4594564000000547649,AVE MARIA HOME,Dead Deal,Operator Placement,0,conference call,"Gattuso: 100 snf bed, dually medicaid medicare certified. Alf is licensed up for 101, but most can have is 65 residents. Occupancy is 59 out of 65.  15 of those is ALZ , . Owns st clare is a 48 bed, transitioned the beds to ave maria, . Until two months ago the snf occupacny was 94%. CON is time consuming.   Ave maria is all grenhouse homes in which he spent 25mm, on those. 9 homes with 10-12 persons in each. No Independent IL. He thinks 50mm will be round about range. He has a non profit board.  I ASKED HIM IF THEY WOULD BE JUST INTERESTED IN SELLING ONLY SNF-- it is all connected. 4, 10 bed and 5 12 bed green homes.  called back and they want to hold off due to Corona.",zcrm_4594564000000559706,Patrick Taylor,2024-07-02 11:31:55,,140,140,,Deal Flow,,,,2022-01-12 11:00:00,,,,,,,,false,,,,,,,,,
zcrm_4594564000000723001,zcrm_4594564000000286001,Stan KLos III,0,"Vanguard- GA, WV, TN",,zcrm_4594564000000522336,"TOWER ROAD POST ACUTE, LLC",Inactive Deal,Portfolio Sale,10,receive financials,09-26-2024 ~ Skip ~ Stan has FU set for Nov,zcrm_4594564000000554570,Bill Orand - John Fick-CFO- Darden,2025-06-12 14:24:53,,180,180,,Deal Flow,,,2025-06-10 10:00:00,2022-01-12 11:00:00,,,,,,,,false,,,,,,,,,
zcrm_4594564000000723052,zcrm_4594564000000286001,Stan KLos III,,CLAPPS CONVALESCENT NH,,zcrm_4594564000000544983,CLAPP'S CONVALESCENT NURSING HOME INC,Inactive Deal,Portfolio Sale,10,Revisit?,"sent bio on 03/18/2020, have been hard to get ahold of since.",zcrm_4594564000000555128,Ms. Denise c Campbell / Donald G Clapp,2025-01-13 10:06:09,,180,180,,Deal Flow,,,2024-11-01 09:00:00,2022-03-29 10:00:00,,,,,,,,false,,,,,,,,,
zcrm_4594564000000871034,zcrm_4594564000000286001,Stan KLos III,0,Axiom CO 48 Bed SNF MCR only,2020-09-29,zcrm_4594564000000547275,AVITA HEALTH AND REHAB AT REEDS COVE,Dead Deal,Single Asset Sale,0,conference call,they want to be provider of choice in KS and would like to sell CO.,zcrm_4594564000000828288,Matt Lillie Stephanie Wiens,2024-07-02 11:31:42,,14,14,,Deal Flow,,,,2022-01-12 11:00:00,,,,,,,,false,,,,,,,,,
zcrm_4594564000000908056,zcrm_4594564000000286001,Stan KLos III,0,Commandre,,zcrm_4594564000000526873,THE PALMS AT FLORENCE,Dead Deal,Single Asset Sale,0,,lost to Israel Birnbaum/ Jacob Stern and Vita,zcrm_4594564000000562162,"JOSEPH COMMANDER, III- CHARLES COMMANDER",2024-09-26 14:50:18,,0,0,,Deal Flow,,,,,,,,,,,,false,,,,,,,,,
zcrm_4594564000000959298,zcrm_4594564000000286001,Stan KLos III,0,Sylview- Ridgeland,2021-03-01,zcrm_4594564000000547244,PINE VIEW NURSING AND REHAB CENTER,Dead Deal,Operator Placement,0,get financials from Bauguess,05-25-2024 ~ Previous Dead Deal ~ Skip - new ownership (Eli Mirlis acquired),zcrm_4594564000000562893,STEVEN A CANNON,2024-09-26 13:31:47,,160,160,,Deal Flow,,,,,,,,,,,,false,,,,,,,,,
zcrm_4594564000001094335,zcrm_4594564000000286001,Stan KLos III,,Parkside SNF CCRc,2020-09-30,zcrm_4594564000000537253,PARKSIDE HOMES,Dead Deal,Portfolio Sale,0,determine if their board wants to sell.,"Building needs capex, downsizing care in the community as a whole. Board members have discussed sale in past. Krista will bring up to board.",zcrm_4594564000001094250,Krista Heinrichs,2024-07-02 11:31:31,,0,0,,Deal Flow,,,,2022-01-12 08:00:00,,,,,,,,false,,,,,,,,,
zcrm_4594564000001281127,zcrm_4594564000000286001,Stan KLos III,,GREENVILLE,2020-11-04,zcrm_4594564000000531350,BRIARCLIFF HEALTH CENTER OF GREENVILLE,Dead Deal,Operator Placement,0,receive financials,09-26-2024 ~ Lm and sent email to Larry,zcrm_4594564000001281078,LARRY S PARKER,2024-09-26 11:12:56,,21,21,,Deal Flow,,,,2021-09-27 12:00:00,,,,,,,,false,,,,,,,,,
zcrm_4594564000001378578,zcrm_4594564000000286001,Stan KLos III,12000000,WINDCREST TX,2021-12-31,zcrm_4594564000000528100,ENCHANTED ROCK SKILLED NURSING AND REHABILITATION,Dead Deal,Single Asset Sale,0,Holding Pattern,09-25-2024 ~ Previous Deal Deal ~ Skip - Sold to new owner,zcrm_4594564000000562288,ALLAN NAUL KEVIN EDEN,2024-09-26 13:34:49,,438,438,,Deal Flow,,,,2022-01-12 10:00:00,,,,,,,,false,,,,,,,,,
zcrm_4594564000001433210,zcrm_4594564000000286001,Stan KLos III,0,gary Minassian failed closed contract nov 1,2021-05-04,zcrm_4594564000000519251,"CRESTWOOD NURSING & REHABILITATION CENTER, INC",Inactive Deal,Portfolio Sale,10,Will consider us when he sells / saved Stan's #,09-25-2024 ~ Skip ~ Stan has fu scheduled for Jan,zcrm_4594564000000562330,Gary M Minassian Gregory J Minassian,2025-01-12 09:06:09,,195,195,,Deal Flow,,,2025-01-15 10:00:00,2022-02-22 10:00:00,,1,Rhode Island,,,,,false,,,,,,,,,
zcrm_4594564000001534003,zcrm_4594564000000286001,Stan KLos III,8900000,"FAIR HAVEN OF FOREST CITY, LLC 100snf 25 alf",2020-10-27,zcrm_4594564000000545828,"FAIR HAVEN OF FOREST CITY, LLC",Dead Deal,Portfolio Sale,0,conference call,09-26-2024 ~ Skip ~ New Ownership (Fair Haven),zcrm_4594564000000561932,ALISA H BRADFORD - DARICK BRADFORD,2024-09-26 13:37:57,,0,0,,Deal Flow,,,,,Sent Company BIO,,,,,,,false,,,,,,,,,
zcrm_4594564000001534475,zcrm_4594564000000286001,Stan KLos III,0,Stephen Taylor GA 5 Pk,2020-10-27,zcrm_4594564000001534464,EAGLE HEALTH & REHABILITATION,Dead Deal,Portfolio Sale,0,conference call,09-25-2024 ~ Skip - fu scheduled for Jan // current opportunity,zcrm_4594564000000556009,STEPHEN C TAYLOR,2024-12-05 10:57:56,,0,0,,Deal Flow,,,,2022-01-14 10:00:00,,,Georgia,,,,,false,,,,,,,,,
zcrm_4594564000001547228,zcrm_4594564000000286001,Stan KLos III,,Linda Blackman,,zcrm_4594564000000538090,MATTHEWS HEALTH & REHAB CENTER,Dead Deal,Single Asset Sale,0,conference call,she keeps asking that i follow up in a month.Sold all her facilities to Omega-  09-26-224 dead dead deal.,zcrm_4594564000000561930,LINDA HOWARD- MAIN,2024-09-26 13:48:02,,41,41,,Deal Flow,,,2022-02-23 10:00:00,2022-04-12 10:00:00,,,,,,,,false,,,,,,,,,
zcrm_4594564000001679182,zcrm_4594564000000286001,Stan KLos III,0,senior care,2020-11-04,zcrm_4594564000000537836,DEER PARK HEALTH AND REHABILITATION,Dead Deal,Portfolio Sale,0,receive financials,09-26-2024 ~ Previous Dead Deal ~ Skip (New Ownership - Brighton),,,2024-09-26 13:15:56,,0,0,,Deal Flow,,,,,Received Initial Diligence Items;LOI,,,,,,,false,,,,,,,,,
zcrm_4594564000001838014,zcrm_4594564000000286001,Stan KLos III,0,Century Care,,zcrm_4594564000001838003,CHATHAM NURSING & REHABILITATION,Dead Deal,Portfolio Sale,0,conference call,"Owns Century Care.  not really interested in selling, but heard us out. 09-25-2024 verifed stalled.",zcrm_4594564000000555001,Jim Schmidlin,2024-09-26 11:05:03,,0,0,,Deal Flow,,,,2024-09-26 11:00:00,Sent Company BIO;Conference Call With Client,,,,,,,false,,,,,,,,,
zcrm_4594564000001976032,zcrm_4594564000000286001,Stan KLos III,0,autry dawsey tax implications,2021-02-19,zcrm_4594564000000522730,PREMIER LIVING AND REHAB CENTER,Inactive Deal,Portfolio Sale,10,FU Early 2021- going to build? father in hosp,09-25-2024 ~ Skip // Stan has fu scheduled for Dec,zcrm_4594564000000554745,"AUTRY E DAWSEY,",2024-12-05 12:42:16,,92,92,,Deal Flow,,,2024-12-05 10:00:00,2023-09-07 10:00:00,Sent Company BIO;Received Initial Diligence Items,,,,,,,false,,,,,,,,,
zcrm_4594564000002100069,zcrm_4594564000000286001,Stan KLos III,,mETZ- MAY BE INTERESTED IN SNF DEAL,2021-09-01,zcrm_4594564000000527890,DENNETT REHAB CENTER,OPPORTUNITIES,Operator Placement,10,,,zcrm_4594564000000560864,Jeffrey T Metz,2024-11-14 08:28:12,,273,273,,Deal Flow,,,2024-10-17 14:00:00,2024-11-14 14:00:00,,,,,,,,false,,,,,,,,,
zcrm_4594564000002121027,zcrm_4594564000000286001,Stan KLos III,,cadia,,zcrm_4594564000047031594,CADIA REHABILITATION RENAISSANCE,Dead Deal,Portfolio Sale,0,Get conference call.,09-25-2024 ~ Previous Dead Deal // Sabra took over buildings as landlord,zcrm_4594564000000560869,STEPHEN S SILVER,2024-09-26 13:43:43,,0,0,,Deal Flow,,2024-09-25 11:36:59,2022-08-08 10:00:00,2022-01-14 09:00:00,,,,,,,,false,,,,,,,,,
zcrm_4594564000002149034,zcrm_4594564000000286001,Stan KLos III,0,LibertyVille Chicago 180 beds.,2020-12-02,zcrm_4594564000000533932,LIBERTYVILLE MANOR EXT CARE,Inactive Deal,Single Asset Sale,10,Speak with Milan,09-25-2024 ~ Previous Dead Deal ~ still owned by my brother's family // John will get in touch with his uncle (Milan) to see if we can help list it,zcrm_4594564000037751012,John Stokovich,2025-01-15 14:19:41,,0,0,,Deal Flow,,,2025-01-14 14:00:00,2024-10-01 11:00:00,,,,,,,,false,,,,,,,,,
zcrm_4594564000002445006,zcrm_4594564000000286001,Stan KLos III,0,Tom gatewood,2021-07-21,zcrm_4594564000000523594,BETHESDA HEALTH CARE FACILITY,Inactive Deal,Portfolio Sale,10,Revisit?,has a client that has 6 homes that are looking to sell. sent bio. follow up after new years,zcrm_4594564000000561908,Thomas Gatewood III,2025-05-23 12:38:05,,216,216,,Deal Flow,,,2024-12-07 11:00:00,2021-11-30 11:00:00,,,,,,,,false,,,,,,,,,
zcrm_4594564000003177088,zcrm_4594564000000286001,Stan KLos III,0,Regency Village,2021-02-16,zcrm_4594564000000529900,BRIGHTON SENIOR LIVING AT REGENCY VILLAGE,Dead Deal,Portfolio Sale,0,conference call,09-26-2024 ~ Previous Dead Deal ~ Skip - New Ownership (Century Rehab),zcrm_4594564000003177038,Cecil W Barcelo,2024-09-26 13:32:03,,0,0,,Deal Flow,,,,2022-01-14 12:00:00,Sent Company BIO,,,,,,,false,,,,,,,,,
zcrm_4594564000003177202,zcrm_4594564000000286001,Stan KLos III,29685000,Magnolia health 5 Pack,2021-06-01,zcrm_4594564000000497279,ENVIVE OF BERNE,Closed Won,Single Asset Sale,100,CLOSE,five facilities containing 516 beds.,zcrm_4594564000000560728,Stuart Reed,2024-07-02 11:18:52,,104,104,,Deal Flow,,,,2021-11-11 13:00:00,,,,,,,,false,,,,,,,,,
zcrm_4594564000003218044,zcrm_4594564000000286001,Stan KLos III,0,3 Pack Florida Robenalt,2021-02-17,zcrm_4594564000000547026,"MEADOWS CENTER FOR NURSING AND HEALING, THE",Dead Deal,Portfolio Sale,0,,09-26-2024 ~ Previous Dead Deal ~ Skip (New Ownership - Symcha Hyman),zcrm_4594564000000554354,JOHN F ROBENALT,2024-09-26 13:47:48,,0,0,,Deal Flow,,,,2022-01-14 13:00:00,Sent Company BIO,,,,,,,false,,,,,,,,,
zcrm_4594564000003300290,zcrm_4594564000000286001,Stan KLos III,0,Vucich CPA- David Butler Legal.,2021-04-29,zcrm_4594564000000539851,"REGENCY CARE OF SILVER SPRING, LLC",Dead Deal,Single Asset Sale,0,conference call,09-25-2024 ~ Skip ~ not a seller,zcrm_4594564000003300233,david Butler,2024-09-26 13:39:22,,65,65,,Deal Flow,,,,2021-10-21 11:00:00,,,,,,,,false,,,,,,,,,
zcrm_4594564000003620045,zcrm_4594564000000286001,Stan KLos III,0,commander,2021-03-09,zcrm_4594564000000526882,SOUTHLAND HEALTH CARE CENTER,Dead Deal,Single Asset Sale,0,conference call,"ccommander@sc.rr.com, he relocated from an old builidng that did have 4 bed wards. in 93, he bought a buidling from health south, constructed in 85, private. Southland occupancy is low, but profitable, had a decentr run and comfortable with what they have done. they have entertained the thought to see the level of interest. have to deal with capital gains tax, kind of testing the water. Commander Nursing Center was SFF last year, they are currently off list last summer. they are talking to a couple of people. old rule of thumb is 100k a bed. Joe has been speaking with people from other parts of country.  next step to send punch list. Southland is 22% MCR, 12% Private, 60% Medicare-- LOST TO VITA verified 09-26-2024 dead deal",zcrm_4594564000003620001,Charles Commander,2024-09-26 13:47:33,,0,0,,Deal Flow,,,,,,,,,,,,false,,,,,,,,,
zcrm_4594564000003915198,zcrm_4594564000000286001,Stan KLos III,0,SC Grandstrand,,zcrm_4594564000000531143,"ANGEL OAK NURSING AND REHABILITATION CENTER, LLC",Dead Deal,Operator Placement,0,,09-25-2024 ~ Skip ~ New ownership (Portopicolo),zcrm_4594564000000554934,Dennis Lofe- CEO,2024-09-26 13:29:20,,0,0,,Deal Flow,,,,2022-01-11 11:00:00,Sent Company BIO,,,,,,,false,,,,,,,,,
zcrm_4594564000003966314,zcrm_4594564000000286001,Stan KLos III,0,SC 2 PK Rural,2021-03-22,zcrm_4594564000000517828,CARLYLE SENIOR CARE OF BLACKVILLE,Dead Deal,Operator Placement,0,,09-25-2024 ~ Previous Dead Deal - Skip - New Ownership (Carlyle Group),zcrm_4594564000000554924,SARAH WHITTLE,2024-11-12 10:42:26,,0,0,,Deal Flow,,,,,,,,,,,,false,,,,,,,,,
zcrm_4594564000005179029,zcrm_4594564000000286001,Stan KLos III,0,Mario Broker Black Earth WI SNF,2021-05-06,zcrm_4594564000000524354,HEARTLAND COUNTRY VILLAGE,Dead Deal,Operator Placement,0,Follow up with Mario,Tom Johnson,,,2024-09-26 14:54:18,,0,0,,Deal Flow,,,,2021-11-05 14:00:00,,,,,,,,false,,,,,,,,,
zcrm_4594564000005287003,zcrm_4594564000000286001,Stan KLos III,0,Black Earth WI,2021-05-12,zcrm_4594564000000524354,HEARTLAND COUNTRY VILLAGE,Dead Deal,Operator Placement,0,,09-25-2024 ~ Previous Dead Deal ~ Skip - Trousdale just sold to Cascade,zcrm_4594564000000556442,"THOMAS D JOHNSON,",2024-09-26 13:25:16,,0,0,,Deal Flow,,,,,,,,,,,,false,,,,,,,,,
zcrm_4594564000005635010,zcrm_4594564000000286001,Stan KLos III,0,Woodlawn Care Center 53 beds.,2021-09-01,zcrm_4594564000000549304,WOODLAWN CARE CENTER,Inactive Deal,Operator Placement,10,Under contract // Sale go through,09-26-2024 ~ Previous Dead Deal ~ Still owned by Philibin family (was listed with Blueprint for 4.3m) // sent email to Phil,,,2025-01-10 12:47:10,,91,91,,Deal Flow,,,2025-01-06 15:00:00,2022-01-13 10:00:00,,,,,,,,false,,,,,,,,,
zcrm_4594564000006053063,zcrm_4594564000000286001,Stan KLos III,40000000,Epic 7 Prop,2021-06-30,zcrm_4594564000000549294,HOLSTON REHABILITATION AND CARE CENTER,Dead Deal,Portfolio Sale,0,,"7 Facilities in Sc, NC, Tn, VA, two properties they own and five leases with Sabra . They own five Oaks Manor and Holston Manor approx.  Lease Greensville Manor, Bayview Manor, COnway Manor, Mt. Pleasant Manor, Tris State Manor.  945 beds in total.. DEAD DEAL VERIFIED 09-26-2024",zcrm_4594564000000554516,"STEWART SWAIN, SR",2024-09-26 13:47:12,,0,0,,Deal Flow,,,2022-02-01 12:00:00,,,,,,,,,false,,,,,,,,,
zcrm_4594564000006053116,zcrm_4594564000000286001,Stan KLos III,,Pleasant View,2021-06-30,zcrm_4594564000000520748,PLEASANT VIEW HEALTHCARE CENTER,Dead Deal,Operator Placement,0,,09-26-2024 ~ Skip ~ New Ownership (Omega),,,2024-09-26 13:32:39,,0,0,,Deal Flow,,,,,,,,,,,,false,,,,,,,,,
zcrm_4594564000006634005,zcrm_4594564000000286001,Stan KLos III,0,bedford COuty,2021-08-23,zcrm_4594564000000518063,BEDFORD CO NURSING HOME,Dead Deal,Portfolio Sale,0,conference call,Send comp data when responding to future RFP.,zcrm_4594564000000560440,ROBERT HISS,2024-09-26 14:54:40,,26,26,,Deal Flow,,,,2022-04-28 10:00:00,Sent NDA;Sent Company BIO,1,Virginia,,,,,false,,,,,,,,,
zcrm_4594564000008632125,zcrm_4594564000000286001,Stan KLos III,0,Joan and Juliett,,zcrm_4594564000000535254,AVON OAKS NURSING HOME,Dead Deal,Operator Placement,0,Under contract?,,zcrm_4594564000000556200,JULIETTE REIDY FLYNN,2024-10-24 10:48:47,,,,,Deal Flow,,,2024-11-01 10:00:00,2021-09-28 13:00:00,,,,,,,,false,,,,,,,,,
zcrm_4594564000008920156,zcrm_4594564000000286001,Stan KLos III,125000,Stephen Krutowski SpringField,,zcrm_4594564000000521758,SPRINGFIELD NURSING & INDEPENDENT LIVING,Dead Deal,Portfolio Sale,0,may go to psych facility. ask yitz for email intro.,09-26-2024 ~ Skip ~ Saber Owns,zcrm_4594564000000556765,Stephen M Krutowsky,2024-09-26 11:04:48,,,,,Deal Flow,,,,2021-12-14 12:00:00,Sent NDA;Sent Company BIO;Conference Call With Client;Received NDA;Received Initial Diligence Items;LOI;Post LOI Diligence;EMD In Escrow,1,Ohio,,,,,false,,,,,,,,,
zcrm_4594564000008992534,zcrm_4594564000000286001,Stan KLos III,0,KOHNS Ohio,,,,Inactive Deal,Operator Placement,10,Revisit?,09-25-2024 ~ Previous Dead Deal ~ Lm and sent email to Chase Kohn,zcrm_4594564000000554949,Barry A Kohn,2025-05-12 12:21:43,,0,0,,Deal Flow,,,2025-02-03 10:00:00,2022-01-13 13:00:00,Sent Company BIO;Conference Call With Client,,,,,,,false,,,,,,,,,
zcrm_4594564000009389278,zcrm_4594564000000286001,Stan KLos III,0,marles attorney,2022-09-09,,,Dead Deal,Portfolio Sale,0,Client Call,his son is ahead of leading age PA,zcrm_4594564000000563178,BLAKE C MARLES,2024-07-02 11:30:55,,331,331,,Deal Flow,,,,2021-10-13 11:00:00,Sent Company BIO,,,,,,,false,,,,,,,,,
zcrm_4594564000009789769,zcrm_4594564000000286001,Stan KLos III,14000000,Krutowsky- Seven Hills,,zcrm_4594564000005128365,SEVEN HILLS HEALTH & REHAB CENTER,Dead Deal,Portfolio Sale,0,receive financials,09-26-2024 ~ Skip ~ Saber owns,zcrm_4594564000000556765,Stephen M Krutowsky,2024-09-26 11:00:16,,,,,Deal Flow,,,2022-01-14 15:00:00,2021-11-29 15:00:00,Conference Call With Client,,,,,,,false,,,,,,,,,
zcrm_4594564000009976828,zcrm_4594564000000286001,Stan KLos III,0,Loyalhanna & William Penn (W PA CCRCs - 250+ beds),,zcrm_4594564000000552561,LOYALHANNA CARE CENTER,OPPORTUNITIES,Portfolio Sale,10,Signed Agreement // B&R,,zcrm_4594564000000557860,DANIEL P WUKICH JR,2025-07-22 12:39:36,,,,,Deal Flow,,2025-07-22 12:39:36,2025-03-14 10:00:00,2025-03-11 16:00:00,Meeting/Appointment;Listing Agreement - Sent;Sent NDA,2,Pennsylvania,,,,,false,,,,,,,,,
zcrm_4594564000010082005,zcrm_4594564000000286001,Stan KLos III,10000000,dekalb county,2022-02-16,,,Dead Deal,Operator Placement,0,call from board meeting,.  the county decided to put 15mm into the building in 2019 (new wing) and is not open.  THE COUNTY HAS HAD A MANAGEMENT COMPANY THAT HAS NEGATIVELY IMPACTED,zcrm_4594564000009672973,Brian Gregory,2024-07-02 11:30:31,,111,111,,Deal Flow,,,2022-01-14 10:00:00,2022-02-15 11:00:00,,,,,,,,false,,,,,,,,,
zcrm_4594564000010082024,zcrm_4594564000000286001,Stan KLos III,0,Generations Winter,2022-11-04,,,Inactive Deal,Portfolio Sale,10,Revisit?,09-25-2024 ~ Skip ~ Rothner is landlord and won't exit,zcrm_4594564000009474021,Thomas Winter,2025-02-10 11:37:41,,372,372,,Deal Flow,,,2024-12-13 13:00:00,2022-01-10 12:00:00,Sent NDA;Sent Company BIO;Conference Call With Client;Received NDA;Received Initial Diligence Items,2,Illinois;Indiana,,,,,false,,,,,,,,,
zcrm_4594564000010101072,zcrm_4594564000000286001,Stan KLos III,0,Dennis Bush Hesitant KS Seller- Victoria Falls,2022-11-04,zcrm_4594564000000520074,VICTORIA FALLS,Dead Deal,Portfolio Sale,0,Receive Diligence. We signed nda and received ohc appraisal,09-25-2024 ~ Skip // Recently Sold,zcrm_4594564000001171648,Debie- Dennis Bush,2024-09-26 13:13:49,,371,371,,Deal Flow,,,2022-04-19 09:00:00,2022-02-10 09:00:00,Sent NDA;Sent Company BIO;Conference Call With Client;Received NDA;Received Initial Diligence Items,,,,,,,false,,,,,,,,,
zcrm_4594564000010494830,zcrm_4594564000000286001,Stan KLos III,5000000,Edgmont KY 68 bed,2022-09-09,,,Dead Deal,Operator Placement,0,get per bed price range. we may be able to flip to Majestic,09-26-2024 ~ SKIP ~ under contract,zcrm_4594564000009976302,Bonnie Haefer,2024-09-26 11:23:09,,302,302,,Deal Flow,,,2022-01-14 15:00:00,2022-04-28 14:00:00,,1,Kentucky,,,,,false,,,,,,,,,
zcrm_4594564000010653022,zcrm_4594564000000286001,Stan KLos III,0,Tutera- Herding Cats,,zcrm_4594564000000547646,MOWEAQUA REHAB & HCC,Dead Deal,Debt/Equity Placement,0,Sign NDA that FLanigan Sent,09-26-2024 ~ Skip ~ FU set for Dec,zcrm_4594564000000557801,Mike Flanagan,2024-09-26 11:21:42,,,,,Deal Flow,,,2021-11-16 08:00:00,2021-11-30 08:00:00,,,,,,,,false,,,,,,,,,
zcrm_4594564000010809297,zcrm_4594564000000286001,Stan KLos III,545000000,tara cares,2025-11-01,,,Closed Won,Portfolio Sale,100,Post LOI diligence,"copy leslie wilson lwilson@taracares.com  DEAL LINK https://workdrive.zohoexternal.com/external/092128ead64ee4f513dd46bc5b73d19d132d5bb74918d259a921c579418ff5f2
Tara Cares FTP Site: https://fileshare.taracares.com  CZQv0zLG is Password for for Stan (sklos).",zcrm_4594564000000555574,Donald T Denz,2025-11-03 09:54:10,,1445,1445,,Deal Flow,,2025-11-03 09:54:10,2021-12-03 16:00:00,2024-11-06 14:00:00,Sent Proposal/Bio;Due Diligence - Received;Due Diligence - Sent to Buyers;Due Diligence - Clarified Questions;Due Diligence - Received Offers;LOI - Negotiation;LOI - Signed/Executed,68,Alabama;Georgia;Illinois;Louisiana;Mississippi;Missouri;Tennessee,,,545000000,,false,,,,0.5,2725000,,,,
zcrm_4594564000010954092,zcrm_4594564000000286001,Stan KLos III,,50 PA Beds.,,,,Dead Deal,Operator Placement,0,Find a bed broker.,09-26-2024 ~ Skip ~ PA Bed sale,zcrm_4594564000000557208,Doug Leidig,2024-09-26 11:17:56,,,,,Deal Flow,,,,2021-11-17 10:00:00,,,,,,,,false,,,,,,,,,
zcrm_4594564000011337247,zcrm_4594564000000286001,Stan KLos III,0,waldman skeptical pa snf/alf,2022-09-09,,,Inactive Deal,Operator Placement,10,Revisit?,"20 memory care, 35 personal care, scott fox is leaving. 16-18mm on cash flows he is not doing anything. he is looking on proforma basis. he is not interested in responding to prospector.  he wants to know why my client is interested, is this a stragegic asset, giving the size of personal care .. he is sure that client does not want a medicaid HMO, he wants to know that. lease pays 50,000 a month and is leaving. primarily . he makes 70,000 on me are buying on EBITDAR.  skilled is 70-80% census, they are building census now. he will sell the whole thing, based on proforma base.  he thinks 70-10mm on his alf, he can throw out operator whenever he wants. his renewal comes up jan 1. he has corporate guarantee.",zcrm_4594564000011295020,HAl K Waldman,2025-11-21 09:33:57,,280,280,,Deal Flow,,,2024-11-15 15:00:00,2022-04-28 15:00:00,,1,Pennsylvania,,,,,false,,,,,,,,,
zcrm_4594564000011444001,zcrm_4594564000000286001,Stan KLos III,0,closed SNF invest 360,,,,Dead Deal,Debt/Equity Placement,0,,09-26-2024 ~ Skip ~ Delicensed/Closed,zcrm_4594564000000559431,Jim Mccomas,2024-09-26 11:15:41,,,,,Deal Flow,,,,2021-12-03 12:00:00,Sent Company BIO,,,,,,,false,,,,,,,,,
zcrm_4594564000011715065,zcrm_4594564000000286001,Stan KLos III,40000000,Transcendent IN,2022-10-19,,,OPPORTUNITIES,Portfolio Sale,10,Meeting with Operator on April 27th,2022- Here is a link to the shared file. https://app.box.com/s/5ji9qf5dr0choznf1bqjwrv8u4mo85zh,zcrm_4594564000011454955,Tom O'Niones,2025-05-12 12:27:54,,313,313,,Deal Flow,,,2024-12-10 10:00:00,2025-03-12 09:00:00,Sent NDA;Sent Company BIO;Conference Call With Client;Received NDA;Received Initial Diligence Items,3,Indiana,,,,,false,,,,,,,,,
zcrm_4594564000011715211,zcrm_4594564000000286001,Stan KLos III,0,"Mcelroy- Worrel, Bedord MS. 8 Pack",2022-09-09,,,Dead Deal,Portfolio Sale,0,Client Call Have not Sent Bio,09-26-2024 ~ Previous dead deal ~ Skip ~ FU set for Nov (possible financing opportunity),zcrm_4594564000000562093,Stephen A Worrel,2024-09-26 11:14:15,,273,273,,Deal Flow,,,,2022-04-28 10:00:00,,,Mississippi,,,,,false,,,,,,,,,
zcrm_4594564000011864734,zcrm_4594564000000286001,Stan KLos III,0,Bucyrus 80b Willoughby 173b,,,,Dead Deal,Portfolio Sale,0,receive financials,"JV with Welltower. Bucyrus 80 Beds, Willoughby 173 Beds,  remove 70beds and go to Cuyhoga (lake County). Trevor Stewart is with Welltower and will be involved.",zcrm_4594564000000556765,Stephen M Krutowsky,2024-07-02 11:29:34,,,,,Deal Flow,,,2022-02-01 09:00:00,2022-01-11 15:00:00,Sent Company BIO;Conference Call With Client,,,,,,,false,,,,,,,,,
zcrm_4594564000012258003,zcrm_4594564000000286001,Stan KLos III,0,MCCOY MEMORIAL LEX,2022-01-13,zcrm_4594564000000534597,MCCOY MEMORIAL NURSING CENTER,Inactive Deal,Portfolio Sale,10,Lease expires in Jan,09-26-2024 ~ Previous Dead Deal ~ Lm and sent email to Lex // Stan has FU set for Jan,zcrm_4594564000000555142,LEX WEST,2025-01-16 10:03:37,,9,9,,Deal Flow,,,2024-11-18 09:00:00,2022-01-04 09:00:00,Sent NDA;Sent Company BIO,,,,,,,false,,,,,,,,,
zcrm_4594564000012903035,zcrm_4594564000000286001,Stan KLos III,15000000,Phenix and Russelville- AL,2022-10-01,zcrm_4594564000091328253,ARABELLA HEALTH & WELLNESS OF PHENIX CITY,Closed Won,Portfolio Sale,100,Need Executed PSA this week of 05/5/22. Have NDA with operators.,"They are looking to sell Phenix city is 86Beds, Russelville is 50beds. David Northey is handling transaction.",zcrm_4594564000008442653,Robert L Loftin III,2025-04-25 09:26:29,,261,261,,Deal Flow,,2025-04-25 09:26:29,2022-03-31 10:00:00,2022-05-05 11:00:00,Sent NDA;Sent Company BIO;Received NDA,2,Alabama,,,,,false,,,,,,,,,
zcrm_4594564000013925083,zcrm_4594564000000286001,Stan KLos III,50000,Blueridge of Sumter/Georgetown,2022-10-21,zcrm_4594564000000549500,OAK HOLLOW OF SUMTER REHABILITATION CENTER,Dead Deal,Portfolio Sale,0,"partil diligence received. receive term sheet for lease option from brent, we will loop in operator.",Loop in the CCG team.,zcrm_4594564000000562760,"Brent Morrison CEO, Edward C Cain, CFO",2024-09-26 14:51:14,,247,247,,Deal Flow,,,2022-02-23 09:00:00,2022-02-23 09:00:00,Received Initial Diligence Items,2,South Carolina,,,,,false,,,,,,,,,
zcrm_4594564000013925096,zcrm_4594564000000286001,Stan KLos III,0,2SC 1 FL - Mainstay Ridgeway Manor Sedgewood Manor,,zcrm_4594564000000526638,RIDGEWAY MANOR HEALTHCARE CENTER,Inactive Deal,Portfolio Sale,10,Revisit?,Need to schedule conference call with Yitz.. Sent to yitz 02-15-2022,zcrm_4594564000000562770,LOUIS F GARRARD,2025-10-13 15:20:00,,,,,Deal Flow,,,2024-12-01 09:00:00,2022-03-11 09:00:00,Sent Company BIO,3,Florida;South Carolina,,,,,false,,,,,,,,,
zcrm_4594564000013925388,zcrm_4594564000000286001,Stan KLos III,0,Dan Owens,2022-03-23,,,Dead Deal,Portfolio Sale,0,Due Diligence,"1. Mccoy Memorial- March 23, 2022- https://www.dropbox.com/s/hpd4gy5tqeb474i/FINAL%20McCoy%20Memorial%20Nursing%20Center%20OM.pdf?dl=0
2. Here is the Senior Care of Marion basic information
https://www.dropbox.com/s/h558eqxa982slyg/2022%20Senior%20Care%20of%20Marion%20Package%20edited.pdf?dl=0
3.. ALF next to Mccoy Memorial- (Cottonwood) https://www.dropbox.com/s/lc8je0eqbdrawv5/FINAL%20Cottonwood%20Villa%20Assisted%20Living%20Center%20OM%20%281%29%20-%20Copy.pdf?dl=0",,,2024-09-26 14:53:56,,35,35,,Deal Flow,,,2022-03-28 13:00:00,2022-02-15 13:00:00,Received Initial Diligence Items,4,South Carolina,,,,,false,,,,,,,,,
zcrm_4594564000014038258,zcrm_4594564000000286001,Stan KLos III,0,TYGH Brogdon - 15 Pack,2022-02-17,,,Dead Deal,Portfolio Sale,0,,09-26-2024 ~ Skip ~ Active Deal,zcrm_4594564000000557395,Tygh Brogdon,2024-09-26 11:05:23,,1,1,,Deal Flow,,,,2024-09-26 15:00:00,Conference Call With Client,,,,,,,false,,,,,,,,,
zcrm_4594564000014133645,zcrm_4594564000000286001,Stan KLos III,0,CLinton County Quiet NY Deal.,2022-09-09,,,Dead Deal,Portfolio Sale,0,get approval and send NDA> decide if they need to go public. ALEX BARTH ARI ERLICHMAN OPERATORS PER,"Kim, they are one of few counties left that own and operate under county government, they are one of 7 that still operate a snf. They have many challenges with staffing and filling beds. They are interested in my email to see what is out there. They are looking at certain companies to take over facilities. Obviously with county governments they have a process, it would need to be approved by legislature. Mike and Kim are looking to gather information and present, this would be potentially..  requested bio. 
Told her 120 day process, her big concern with county governments is residents and employees. If we took over, what would…. They have 80 bed facility with some vacancy.. they need to be careful with process, they need to be very confidential. They literally have five staff, they are union, they have 60 full time employees, 18 part timers. They have a lot of vacancies 15-20 openings for staff. They have mandatory overtime. 
They are concerned with transaction being confidential. There is a big need for beds, they are having an issue filling it up because of lack of staffing. They have worked with ECS (staffing agency), but no real staffing for nursing.  They are asking about county transactions in NY.. 

Follow up with diligence list, bio, we need a plan of action for them. They will ask for us to come up to meet with them….",zcrm_4594564000000561666,Michael E. Zurlo,2024-09-26 14:53:19,,203,203,,Deal Flow,,,2022-05-03 09:00:00,2022-05-03 09:00:00,Sent Company BIO,1,New York,,,,,false,,,,,,,,,
zcrm_4594564000014133670,zcrm_4594564000000286001,Stan KLos III,0,IRA Goffman- Unverferth,,,,Dead Deal,Portfolio Sale,0,Sign NDA and then send company bio with Yitz on email.,,zcrm_4594564000000562930,Ira Goffman,2024-07-02 11:29:16,,,,,Deal Flow,,,,2022-02-17 08:00:00,Sent Company BIO,,,,,,,false,,,,,,,,,
zcrm_4594564000014204170,zcrm_4594564000000286001,Stan KLos III,135000000,Bill Foster,2022-09-09,,,Dead Deal,Portfolio Sale,0,"conference call, stan sent diligence items, yitzy will text me fax number. and bill will provide loc","Yitzy did back of the napkin and came out with 75mm for an offer. 8 facilities. sent him diligence list, he will send documents via email including facility list and locations.",zcrm_4594564000000563366,Bill Foster Jr,2024-09-26 14:51:19,,202,202,,Deal Flow,,,2022-04-01 12:00:00,2022-03-24 12:00:00,Sent Company BIO;Conference Call With Client,8,Georgia,,,,,false,,,,,,,,,
zcrm_4594564000014602076,zcrm_4594564000000286001,Stan KLos III,0,"Doug Wright, MS< TN< AL<<GA",2022-09-09,,,Dead Deal,Portfolio Sale,0,OPerating Partner,09-26-2024 ~ Skip ~ Just spoke to,zcrm_4594564000000555835,DOUGLAS M WRIGHT JR- CEO- Kristen Minch- Legal,2024-09-26 11:01:00,,195,195,,Deal Flow,,,2022-03-03 09:00:00,2022-02-25 09:00:00,Sent Company BIO,0,Alabama;Georgia;Mississippi;Tennessee,,,,,false,,,,,,,,,
zcrm_4594564000014762630,zcrm_4594564000000286001,Stan KLos III,0,Ira Goffman- Lutheran,,zcrm_4594564000000536867,SHEPHERD OF THE VALLEY-BOARDMAN,Inactive Deal,Portfolio Sale,10,Synergies?,09-26-2024 ~ Previous Dead Deal ~ Sent email to Ira Goffman,zcrm_4594564000000562930,Ira Goffman,2024-12-20 15:03:07,,,,,Deal Flow,,,2024-12-17 10:00:00,2022-03-01 15:00:00,Received NDA,1,Ohio,,,,,false,,,,,,,,,
zcrm_4594564000016201325,zcrm_4594564000000286001,Stan KLos III,0,300 Bed PA County Home,,zcrm_4594564000000526186,PLEASANT RIDGE MANOR EAST/WEST,Inactive Deal,Portfolio Sale,10,Revisit?,they will be having a call with another jewish group on may 5th.,zcrm_4594564000000560680,JAMES SPARBER-,2024-10-07 11:37:04,,,,,Deal Flow,,,2024-10-03 10:00:00,2022-05-02 13:00:00,,1,Pennsylvania,,,,,false,,,,,,,,,
zcrm_4594564000017113275,zcrm_4594564000000286001,Stan KLos III,0,Elderwood at Riverside,2022-09-09,zcrm_4594564000000544542,ELDERWOOD AT RIVERSIDE,Dead Deal,Portfolio Sale,0,,seller is in muliple states.,zcrm_4594564000000563326,Julie B Mitchell,2024-07-02 11:28:59,,130,130,,Deal Flow,,,2022-05-05 10:00:00,2022-05-02 10:00:00,Conference Call With Client,1,New Hampshire,,,,,false,,,,,,,,,
zcrm_4594564000017584013,zcrm_4594564000000286001,Stan KLos III,0,Houston TX 2 pack,2022-05-24,,,Dead Deal,Portfolio Sale,0,,09-26-2024 ~ Previous Dead Deal ~ Skip (Behavioral Health),zcrm_4594564000000557624,Joel Snook,2024-09-26 10:55:20,,15,15,,Deal Flow,,,2022-05-11 16:00:00,2022-05-09 16:00:00,,,,,,,,false,,,,,,,,,
zcrm_4594564000017913011,zcrm_4594564000000286001,Stan KLos III,0,Hamilton Health GA,,,,Dead Deal,Portfolio Sale,0,,,zcrm_4594564000000557259,"JEFF D MYERS, CEO- JULIE SOEKORO CFO",2024-07-02 11:28:40,,,,,Deal Flow,,,2022-06-02 14:00:00,2022-05-12 14:00:00,,5,Georgia,,,,,false,,,,,,,,,
zcrm_4594564000017989149,zcrm_4594564000000286001,Stan KLos III,,RE: Sub-Acute Care & Senior Living: Acquisition Opportunity,,,,Inactive Deal,Portfolio Sale,10,Revisit?,"login;  https://identity.smartexchange.com/server/Account/ResetPassword?userId=755696b7-6887-41d1-bc65-ee23eda03e61&code=CfDJ8H%2bzCKt5iv1MqiiJHoxGIfbU1ikJ3Wpd1U3bt5YfkQ0dw%2fRKGL1QSFuNPtcVVHoofq%2fsZUe5bmR4QcPz3L4drmfIivEj0uIy4BlZuQXygbHUTzthXyRA9x%2bx69G8Hpo%2bKb0RHNY7lkhlWXZp5w3UTL%2fFN2AZ2P7XsMVzIpMGvPe3G%2fAqaV69TmoUwjq8BpXp3aSRlIO%2fE8CxeHkDzefj7pTWliYywuFrlFFGVdnrHKIQ&clientId=smartroom&returnUrl=https%3a%2f%2fsecure.smartroom.com%2fapp%2fmain%2f%23%2flogin
Username sklos@3ghcre.com

2Dealsgettingdone!",zcrm_4594564000009321057,Neil Gupta,2024-12-20 13:42:23,,,,,Deal Flow,,,2024-12-19 14:00:00,2022-05-13 14:00:00,LOI,,,,,,,false,,,,,,,,,
zcrm_4594564000018299459,zcrm_4594564000000286001,Stan KLos III,1650000,Steve Rankin- 33 Bed,2023-03-01,,,Inactive Deal,Single Asset Sale,10,Receive Financials,Submitted to 1konnection.  https://1drv.ms/u/s!AngM1kiKI2oXgt959eocGYOC420csw?e=3uABwH     in erie county.,zcrm_4594564000000557245,Steve Rankin,2025-12-03 10:37:40,,282,282,,Deal Flow,,2025-12-03 10:37:40,,2022-05-23 13:00:00,,,Ohio,,,,,false,,,,,,,,,
zcrm_4594564000019739512,zcrm_4594564000000286001,Stan KLos III,0,WIsonsin 2 pack,2022-09-09,zcrm_4594564000000541712,CAREVIEW HEALTH AND REHAB OF MINOCQUA,Dead Deal,Debt/Equity Placement,0,,"ASPEN HEALTH AND REHAB 86 Beds, NW Minocqua Health and Rehab (north Central)72 beds. Minocqua received offer for 3.5mm (48k/bed) . aspen needs to be operated by MN company. Bifurcation would be needed.  The bank is Oxford Finance. https://oxfordfinance.com/
The landlord is AB. https://liveatab.com/",zcrm_4594564000000563326,Julie B Mitchell,2024-09-26 14:52:33,,79,79,,Deal Flow,,,2022-06-24 15:00:00,2022-06-22 13:00:00,,,Wisconsin,,,,,false,,,,,,,,,
zcrm_4594564000023694001,zcrm_4594564000000286001,Stan KLos III,13500000,NC Baptist Homes,2023-09-30,,,Closed Won,Portfolio Sale,100,,https://www.dropbox.com/sh/5a3obqmma0oegb2/AABc8rA6G5CHOe_xUefNYy6ya?dl=0,zcrm_4594564000000555378,REED VANDERSLIK,2024-07-02 11:17:47,,397,397,,Deal Flow,,,,2022-08-25 16:00:00,,,,,,,,false,,,,,,,,,
zcrm_4594564000024596184,zcrm_4594564000000286001,Stan KLos III,,"Brazos of Waco, Las Brisas Rehab and Wellness",,zcrm_4594564000005129123,LAS BRISAS REHABILITATION AND WELLNESS SUITES,Dead Deal,Portfolio Sale,0,OFfer or pass.,"1. 3421 Story Road W, Irving, TX, 2. 2430 Marketplace Drive, Waco TX, 3TWO FACILITIES LOCATED IN TX ARE FROM FUNDAMENTAL.. ONE IN CO, WILL BE FROM STONEGATE.",zcrm_4594564000001281078,LARRY S PARKER,2023-12-15 14:03:28,,,,,Deal Flow,,,2022-09-22 11:00:00,2022-09-12 11:00:00,Received Initial Diligence Items,2,Texas,,,,,false,,,,,,,,,
zcrm_4594564000024847001,zcrm_4594564000000286001,Stan KLos III,0,2 Pack Indiana- barry buying submitting psa,2023-02-01,,,Dead Deal,Portfolio Sale,0,Barry Send OFfer,09-26-2024 ~ Skip ~  (New Ownership),zcrm_4594564000021431321,Robert J Roetker Anita L Roetker,2024-12-16 15:22:55,,132,132,,Deal Flow,,2024-12-16 15:20:59,2022-09-22 11:00:00,2022-09-22 11:00:00,,2,Indiana,,,,,false,,,,,,,,,
zcrm_4594564000024890001,zcrm_4594564000000286001,Stan KLos III,7075000,Tranquility and Barry 7.075,2022-10-19,zcrm_4594564000005031825,TRANQUILITY NURSING AND REHAB,Dead Deal,Single Asset Sale,0,Ashok Signed Listing Agreement // Revisit?,executed LOI 09-23-2022.. sent text 09-24-2025 got listing.,zcrm_4594564000021377151,Ashok Mohan,2025-08-06 14:42:12,,26,26,,Deal Flow,,,2024-11-01 09:30:00,2022-09-23 09:00:00,Listing Agreement - Sent,1,Indiana,,100000,7075000,,false,,,,,,,,,
zcrm_4594564000026082001,zcrm_4594564000013560003,Malcolm Sullivan,400000,Samaritan (WI CCRC),2023-12-01,zcrm_4594564000000551753,SAMARITAN NURSING AND REHAB,Dead Deal,Portfolio Sale,0,NDA Signed / Financials,Sold to EOM Healthcare Group,zcrm_4594564000021857001,Matt Furno,2024-10-31 15:23:05,,408,408,,Deal Flow,,,2024-10-31 08:00:00,2023-07-11 08:00:00,Sent Company BIO;Sent NDA,1,Wisconsin,,,,,false,,,,,,,,,
zcrm_4594564000026082014,zcrm_4594564000013560003,Malcolm Sullivan,,Sloan - DE SNF + ALF Portfolio,,zcrm_4594564000025840214,NEWARK MANOR NURSING HOME,Dead Deal,Portfolio Sale,0,Broker?,,zcrm_4594564000025980004,David Swanson,2023-12-15 13:54:46,,,,,Deal Flow,,,2022-10-25 08:00:00,2022-10-18 08:00:00,Sent NDA,6,Delaware;Maryland;Pennsylvania;West Virginia,,,,,false,,,,,,,,,
zcrm_4594564000026082027,zcrm_4594564000013560003,Malcolm Sullivan,0,Filosa (CT 2-pack),,zcrm_4594564000047031539,HAVENCARE AT HANCOCK HALL,Dead Deal,Portfolio Sale,0,Sign NDA / Financials / Call w Cascade,09-26-2024 ~ Previous Dead Deal ~ Skip (New Ownership - Sterling Care),zcrm_4594564000023734544,Barbara/Frank Malone,2024-12-12 12:22:57,,,,,Deal Flow,,2024-12-12 12:22:57,2022-10-21 08:00:00,2022-10-14 08:00:00,Sent NDA,2,Connecticut,,,,,false,,,,,,,,,
zcrm_4594564000026082040,zcrm_4594564000000286001,Stan KLos III,,Salemhaven (NH SNF),,zcrm_4594564000000545636,SALEMHAVEN,Inactive Deal,Portfolio Sale,10,Mike Collins - Capital Needs?,https://workdrive.zohoexternal.com/external/023769689f73aa418f4eb21e533e1ae4ee5ade47c14f8b471984ff7edefb5b24,zcrm_4594564000000562307,Mike Collins,2025-07-22 12:39:36,,,,Seller Changed Mind,Deal Flow,,2025-07-22 12:39:36,2025-02-14 08:00:00,2024-11-19 08:00:00,Seller Changed Mind;Sent NDA;Received NDA;Received Initial Diligence Items;LOI,1,New Hampshire,,,12000000,2023-02-03 10:00:00,false,,,,,,,,,
zcrm_4594564000026109036,zcrm_4594564000000286001,Stan KLos III,,Accel at Longmont- Stonegate Senior Living.,,zcrm_4594564000047031095,ACCEL AT LONGMONT,Dead Deal,Portfolio Sale,0,receive Executed NDA from Stonegate. Sent Dilligence Item.,larry parker owns and stonegate is operator. Per danie garden on 10-19- 22 this looks harry and may be a hassle.,zcrm_4594564000001281078,LARRY S PARKER,2025-04-28 14:23:20,,,,,Deal Flow,,2025-04-28 14:23:20,2022-10-21 09:00:00,2022-10-19 09:00:00,Sent NDA,1,Colorado,,,,,false,,,,,,,,,
zcrm_4594564000026109055,zcrm_4594564000000286001,Stan KLos III,27000000,HIll Haven and Meridian,2022-11-04,zcrm_4594564000000544389,STERLING CARE HILLHAVEN,Dead Deal,Portfolio Sale,0,General FU,"66 SNF Beds. 22MC, 40AL, 40 al units, 22 memory care units, and 38 snf units.09-25-2024- FU .",zcrm_4594564000000560866,TIM O' BRIEN,2025-01-22 08:34:21,,16,16,,Deal Flow,,,2024-11-07 10:00:00,,,1,Maryland,,,,,false,,,,,,,,,
zcrm_4594564000026722015,zcrm_4594564000013560003,Malcolm Sullivan,0,Ryders Health (CT 8 Pack),,,,Dead Deal,Portfolio Sale,0,,"died, the seller was talking to other parties. They are asking north of 100mm, Cascade offered 80-85mm.",zcrm_4594564000026648283,Robert Sbriglio,2024-12-20 10:33:52,,,,,Deal Flow,,,,2022-11-02 10:00:00,Sent Company BIO;Sent NDA,8,Connecticut,,,,,false,,,,,,,,,
zcrm_4594564000026786150,zcrm_4594564000000286001,Stan KLos III,,George 3 Pack TN- Need NDA Returned,,,,Dead Deal,Portfolio Sale,0,need 12 month term in NDA.,waiting on signed nda from cascade.,zcrm_4594564000016720017,George Mueller,2023-12-15 14:26:36,,,,,Deal Flow,,,,,Sent NDA,3,Tennessee,,,,,false,,,,,,,,,
zcrm_4594564000026786163,zcrm_4594564000000286001,Stan KLos III,,Clay SC CCRC- Barry Broker,,zcrm_4594564000000542123,OAKS HEALTHCARE,Dead Deal,Single Asset Sale,0,,09-26-2024 ~ Skip ~ Cascade bought,zcrm_4594564000015107034,J. Clay Fowler,2024-09-26 11:05:57,,,,,Deal Flow,,,2022-11-08 12:00:00,2022-11-03 12:00:00,,1,South Carolina,,,,,false,,,,,,,,,
zcrm_4594564000030478001,zcrm_4594564000000286001,Stan KLos III,0,Edgewood Estates 60 Bed Management,,zcrm_4594564000000538241,EDGEWOOD ESTATES,Inactive Deal,Portfolio Sale,10,Happy holidays,"this is a 60 bed county owned home in which the county does not want to sell. They may be open to a management contract.  our fee is 100k or 2% of total management contract. 1HOUR AND 15 MINUTES EAST OF LEXINGTON. (DONT DISCLOSE DIRECTION IN RELATION TO LEXINGTON), THIS JUST GIVES THE BUYERS AN IDEA.",zcrm_4594564000030134479,Rick Stiltner,2024-12-11 12:16:34,,,,,Deal Flow,,,2024-12-11 10:00:00,2023-01-27 10:00:00,Sent NDA,1,Kentucky,,,,,false,,,,,,,,,
zcrm_4594564000031099001,zcrm_4594564000000286001,Stan KLos III,19000000,Taylorsville NC,2024-01-31,zcrm_4594564000000497657,VALLEY NURSING AND REHABILITATION CENTER,Dead Deal,Portfolio Sale,0,,09-26-2024 ~ Skip ~ New Ownership (Barry),zcrm_4594564000017113437,Glennis Bolden,2024-09-26 13:11:42,,362,362,,Deal Flow,,,2023-02-03 15:00:00,2023-02-03 15:00:00,Received Initial Diligence Items,1,North Carolina,,,,,false,,,,,,,,,
zcrm_4594564000031662093,zcrm_4594564000013560003,Malcolm Sullivan,,Cedars of Lebanon,,zcrm_4594564000000537435,CEDARS OF LEBANON NURSING CENTER,Dead Deal,Portfolio Sale,0,,,zcrm_4594564000030134225,Timothy B George,2023-09-29 12:34:45,,,,,Deal Flow,,,,2023-02-24 15:00:00,Sent NDA,1,,,,,,false,,,,,,,,,
zcrm_4594564000032915142,zcrm_4594564000000286001,Stan KLos III,,SCBMA - Martha Franks CCRC,,zcrm_4594564000000534373,MARTHA FRANKS BAPTIST RETIREMENT CENTER,Inactive Deal,Portfolio Sale,10,Revisit?,09-24-2024 fu sent email and set fu,zcrm_4594564000000563340,THOMAS P TURNER III,2025-07-22 12:39:36,,,,,Deal Flow,,2025-07-22 12:39:36,2024-10-22 10:00:00,2023-07-17 12:00:00,Sent Company BIO;Sent NDA;Received NDA;Conference Call With Client;Received Initial Diligence Items;Sent Clarifications Questions to Seller,1,South Carolina,,,,,false,,,,,,,,,
zcrm_4594564000033376001,zcrm_4594564000000286001,Stan KLos III,,Masonicare,,,,Dead Deal,Portfolio Sale,0,Call and send offer,in CT they are making owners sell beds that are not occupied. We need to have a call to discuss.,zcrm_4594564000031871001,Ann Collette,2024-07-02 11:28:32,,,,,Deal Flow,,,2023-04-12 10:00:00,2023-04-03 10:00:00,Received NDA,1,Connecticut,,,,,false,,,,,,,,,
zcrm_4594564000033808086,zcrm_4594564000000286001,Stan KLos III,,4 Pack Ark,,,,Dead Deal,Portfolio Sale,0,Cascade Needs to Sing LOI,"400 beds in Arkansas 4 facilities.
Lakewood: 80/78   East Point: 87/72   Gardner: 120/96 Southern Pines: 111/78",zcrm_4594564000030144038,Josh Sturm,2024-07-02 11:28:23,,,,,Deal Flow,,,,2023-04-11 10:00:00,Received NDA,4,Arkansas,,,,,false,,,,,,,,,
zcrm_4594564000036491001,zcrm_4594564000013560003,Malcolm Sullivan,,Good Sam - Exiting,,,,Dead Deal,Portfolio Sale,0,Cascade Sign NDA,,zcrm_4594564000022154649,Joel Fluit,2024-09-26 14:50:32,,,,,Deal Flow,,,,2023-06-09 12:00:00,,3,Arkansas;Hawaii,,,,,false,,,,,,,,,
zcrm_4594564000036719213,zcrm_4594564000000286001,Stan KLos III,,MS - Gulfport- queen city and driftwood,,zcrm_4594564000000534360,QUEEN CITY NURSING CENTER,Inactive Deal,Portfolio Sale,10,Driftwood Lease expires 2029,"provider numbers 255166, 255290",zcrm_4594564000007813057,R Brent Tice,2025-07-31 13:06:54,,,,,Deal Flow,,2025-07-22 12:39:36,2028-07-01 10:00:00,2023-07-10 10:00:00,Sent Company BIO;Sent NDA;Received NDA,2,Mississippi,,,,,false,,,,,,,,,
zcrm_4594564000040056429,zcrm_4594564000000286001,Stan KLos III,8000000,Villages of Lebanon KY and ALF 97 Beds,,zcrm_4594564000000537498,"THE VILLAGE OF LEBANON II, LLC",Inactive Deal,Debt/Equity Placement,10,,09-26-2024 ~ Skip ~ Current Deal,zcrm_4594564000016720017,George Mueller,2024-10-04 10:47:10,,,,,Deal Flow,,,2024-09-27 14:00:00,,,,Kentucky,,,,,false,,,,,,,,,
zcrm_4594564000041492028,zcrm_4594564000000286001,Stan KLos III,,Premier Senior Living,,zcrm_4594564000000522730,PREMIER LIVING AND REHAB CENTER,Inactive Deal,Portfolio Sale,10,Get better financials,DILIGENCE LINK: https://workdrive.zohoexternal.com/external/34ed8de9f9de4c102481597fd60a38e856091ea667de46cb82864decf4946c0f,zcrm_4594564000000554745,"AUTRY E DAWSEY,",2026-01-23 10:24:14,,,,,Deal Flow,,2026-01-23 10:24:14,2023-09-27 12:00:00,2025-02-17 12:00:00,Received NDA;Received Initial Diligence Items,1,North Carolina,,,,,false,,,,,,,,,
zcrm_4594564000041555622,zcrm_4594564000000286001,Stan KLos III,10000000,The Maples Health Care,,zcrm_4594564000000538283,BLUESTONE HEALTH AND REHABILITATION,Inactive Deal,Portfolio Sale,10,Ron battling the courts,Maples DD Link v2: https://workdrive.zohoexternal.com/external/93063226d376c9e3a417f4215df3fa29c1d784c18dac2dabd8a6a896c2f49adf,zcrm_4594564000029300230,Ronald E Scherer,2025-07-22 12:39:36,,,,,Deal Flow,,2025-07-22 12:39:36,2024-10-01 11:00:00,,Sent NDA;Received NDA,1,West Virginia,,,,,false,,,,1.5,150000,,,,
zcrm_4594564000042269124,zcrm_4594564000000286001,Stan KLos III,18500000,2 Pack SC,2024-10-23,zcrm_4594564000000526880,HERITAGE HOME OF FLORENCE INC,Dead Deal,Portfolio Sale,0,receive executred nda and diligence,"CHERAW HEALTHCARE (42005)  Diligence File Upload.. https://workdrive.zohoexternal.com/external/f80cb5ef5a1f7f901bfe66bffa7ed2e283aef5caf39dbfd40bbf54ba84310653
MAKE SURE TO INCLUDE JOEL DYSON AND DYSON TEMPLE.",zcrm_4594564000000562148,Paige WELCH,2025-02-18 14:34:01,,393,393,,Deal Flow,,,,2025-02-17 09:00:00,Sent Company BIO;Sent NDA,2,South Carolina,,,,,false,,,,,,,,,
zcrm_4594564000042903001,zcrm_4594564000000286001,Stan KLos III,22000000,2Pack LA,2023-12-31,zcrm_4594564000000518875,ADIRA MEDICAL RESORT,Dead Deal,Single Asset Sale,0,get Diligence and NDA from Vikas.,09-26-2024 ~ Skip (Vikas),zcrm_4594564000000495715,Vikas Gupta,2024-09-26 13:27:04,,82,82,,Deal Flow,,,,2023-10-10 13:00:00,Sent NDA,4,Louisiana,,,,,false,,,,,,,,,
zcrm_4594564000044163276,zcrm_4594564000000286001,Stan KLos III,9000000,Queen City - Brokerage,2025-08-04,zcrm_4594564000000534360,QUEEN CITY NURSING CENTER,Closed Won,Single Asset Sale,100,Price Allocation,"MS LOIs need to indicate that she represents the seller and we are the cooperating broker

Partners Bank  Gold street abstract is title company.  SELLER"" YOU HAVE DONE A HERCULEAN TASK AND DESERVE EVERY PENNY THAT YOU EARNED""",zcrm_4594564000011715421,Brian Cain,2025-10-16 16:33:45,,642,642,,Deal Flow,,2025-07-22 12:39:36,2025-04-16 10:00:00,2025-05-12 09:00:00,Listing Agreement - Sent;Listing Agreement - Signed/Executed;Due Diligence - Received;Due Diligence - Sent to Buyers;Due Diligence - Clarified Questions;Due Diligence - Received Offers;LOI - Negotiation;LOI - Signed/Executed;PSA - Negotiation,1,Mississippi,,,,,false,,2024-08-15,2024-11-15,1.33,119700,,,,
zcrm_4594564000045931846,zcrm_4594564000013560003,Malcolm Sullivan,12000000,Hundely Center - VCU Health,,zcrm_4594564000000538072,COMMUNITY MEMORIAL HOSPITAL HUNDLEY CENTER,Dead Deal,Portfolio Sale,0,Check to see if they have listings,"still working deal. in psa- 09-26-2024 
 https://workdrive.zoho.com/folder/izgsbe6cc5c269f234b9ea8dabe8179dbd17a",zcrm_4594564000042602345,Carl Blackwell,2025-01-22 08:34:00,,,,,Deal Flow,,,2024-11-06 10:00:00,2023-12-14 15:00:00,Sent NDA;Received NDA,1,Virginia,,,,,false,,,,,,,,,
zcrm_4594564000045931873,zcrm_4594564000000286001,Stan KLos III,7650000,Pineview,,zcrm_4594564000000552751,CROSSVIEW CARE CENTER,Inactive Deal,Single Asset Sale,10,Need financials from Bruce,09-26-2024 ~ Skip ~ FU set for Oct 1,zcrm_4594564000000495770,"CROSS, KC",2025-07-22 12:39:36,,,,,Deal Flow,,2025-07-22 12:39:36,2024-11-01 15:00:00,2024-10-01 15:00:00,Sent NDA;Received NDA;Received Initial Diligence Items,1,Georgia,,,,,false,,,,,,,,,
zcrm_4594564000047032047,zcrm_4594564000000286001,Stan KLos III,,Fayetteville ALF,,zcrm_4594564000047032008,Cumberland Creek Village Assisted Living,Inactive Deal,Operator Placement,10,,sent to Mario.,zcrm_4594564000000559831,MARY MARGARE T CLIFTON,2024-11-06 14:28:33,,,,,Deal Flow,,,2024-10-30 15:00:00,,,1,North Carolina,,,,,false,,,,,,,,,
zcrm_4594564000047103669,zcrm_4594564000000286001,Stan KLos III,0,Sabra IN 4 Pack,,,,Dead Deal,Debt/Equity Placement,0,,09-24-2024 ~ Previous Deal Deal ~ Sent email to see if we can market the 4 IN assets,zcrm_4594564000000554363,Talya Nevo-Hacohen Brandi healey,2024-10-01 09:59:39,,,,,Deal Flow,,,,,,3,Indiana,,,,,false,,,,,,,,,
zcrm_4594564000047637001,zcrm_4594564000000286001,Stan KLos III,26000000,Tygh 496 Rural Ga Beds,2024-04-02,,,Inactive Deal,Portfolio Sale,10,,"Tygh Upload Diligence Link- SELLER IS TALKING TO TL AND JOSEPH BERKOWITZ/AARON MOAS. 


Buyer diligence Link updated 12-11-2024 https://workdrive.zohoexternal.com/external/644f1b40daabd227f4d8c2cf1745a696c8294542ea6cc6d03b487afa580865b6
 PW: 2SouthGA!",zcrm_4594564000000557395,Tygh Brogdon,2025-02-18 16:28:42,,68,68,,Deal Flow,,2024-12-11 10:02:17,2024-11-12 18:00:00,2024-12-12 18:00:00,Conference Call With Client,5,Georgia;Tennessee,,,,,false,,,,1.0,260000,,,,
zcrm_4594564000048129012,zcrm_4594564000000286001,Stan KLos III,,Hazelhurst,,zcrm_4594564000000531971,HAZELHURST COURT CARE AND REHABILITATION CENTER,OPPORTUNITIES,Single Asset Sale,5,,,zcrm_4594564000045264911,Frances / Willis Blacknall,2025-07-22 12:39:36,,,,,Deal Flow,,2025-07-22 12:39:36,2024-11-01 14:00:00,2024-01-29 13:00:00,Sent Company BIO,1,Georgia,,,,,false,,,,,,,,,
zcrm_4594564000048129029,zcrm_4594564000000286001,Stan KLos III,,Pineland - Acquiring to LT Lease,,,,OPPORTUNITIES,Debt/Equity Placement,5,Discuss Leases expiring 2026,,zcrm_4594564000000556009,STEPHEN C TAYLOR,2025-07-22 12:39:36,,,,,Deal Flow,,2025-07-22 12:39:36,2025-01-20 14:00:00,2025-02-17 08:00:00,,5,Georgia,,,,,false,,,,,,,,,
zcrm_4594564000048129042,zcrm_4594564000000286001,Stan KLos III,,Winget - Considering an exit,,zcrm_4594564000000518635,MEDICAL MANAGEMENT HEALTH AND REHAB CENTER,OPPORTUNITIES,Portfolio Sale,5,,,zcrm_4594564000000557179,Michael Winget,2025-07-25 07:50:10,,,,,Deal Flow,,2025-07-22 12:39:36,2024-12-20 14:00:00,2024-01-29 13:00:00,,5,Georgia,,,,,false,,,,,,,,,
zcrm_4594564000048129057,zcrm_4594564000000286001,Stan KLos III,0,CT Owner - Retiring,,,,Inactive Deal,Portfolio Sale,10,Cadence Call,09-26-2024 ~ sent text to Ann,zcrm_4594564000031871001,Ann Collette,2025-07-22 12:39:36,,,,,Deal Flow,,2025-07-22 12:39:36,2024-10-30 09:00:00,2024-01-29 13:00:00,,,Connecticut,,,,,false,,,,,,,,,
zcrm_4594564000048135055,zcrm_4594564000000286001,Stan KLos III,0,Pine Valley (WI County Home),,zcrm_4594564000000545234,PINE VALLEY COMMUNITY VILLAGE,Inactive Deal,Single Asset Sale,10,Reengage in 2025?,not looking to divest as of 09-24-2024,zcrm_4594564000038055075,Derek Kalish,2025-07-22 12:39:36,,,,,Deal Flow,,2025-07-22 12:39:36,2025-01-15 09:00:00,2024-01-29 15:00:00,,1,Wisconsin,,,,,false,,,,,,,,,
zcrm_4594564000048136100,zcrm_4594564000000286001,Stan KLos III,12000000,MAISON TECHE NURSING CENTER LA- HJ SIMS,2024-07-02,zcrm_4594564000000531493,MAISON TECHE NURSING CENTER,Dead Deal,Debt/Equity Placement,0,Revisit?,DILIGENCE LINK https://workdrive.zohoexternal.com/external/5583fceecff5bfdd565d5cce892e2fa168f6952fc1ea560ef39f2bec256e6b52,zcrm_4594564000000559879,WILLIAM M HODGES,2025-01-22 08:33:39,,151,151,,Deal Flow,,,2024-11-15 09:00:00,2024-02-01 14:00:00,Received Initial Diligence Items,1,Louisiana,,,,,false,,,,,,,,,
zcrm_4594564000052221055,zcrm_4594564000000286001,Stan KLos III,,HJ SIMS FINANCING,,zcrm_4594564000000534996,HAVEN HALL HEALTH CARE CENTER,Inactive Deal,Debt/Equity Placement,10,Dead Deal?,we will get 30% per curtis text.,zcrm_4594564000000562091,Richard Daspit Sr,2025-10-30 12:21:45,,,,,Deal Flow,,,2024-11-15 09:00:00,2024-04-02 09:00:00,,1,Mississippi,,,,,false,,,,,,,,,
zcrm_4594564000052562293,zcrm_4594564000000286001,Stan KLos III,,Palmyra Senior Living- Mario Wilson Referral,,,,PSA,Single Asset Sale,90,Follow up With Mario's Proposal,"Palmyra Senior Living- 616 W Main St, Palmyra, PA 17078 36 Bed ALF, owes 3.1mm",zcrm_4594564000000560864,Jeffrey T Metz,2025-09-09 12:53:48,,,,,Deal Flow,,,,2025-04-16 09:00:00,Sent Company BIO,1,Pennsylvania,,,3100000,,false,,,,,,,,,
zcrm_4594564000055254011,zcrm_4594564000000286001,Stan KLos III,22000000,Hamlin Place,2025-01-25,zcrm_4594564000000542576,HAMLIN PLACE OF BOYNTON BEACH,Inactive Deal,Single Asset Sale,10,Purchaser drafting terms approved to seller,"seller provided diligence link
https://urldefense.proofpoint.com/v2/url?u=https-3A__symbsolutions-2Dmy.sharepoint.com_-3Af-3A_p_clay_EmWpUiJ-2DizRLm-2Dsxe0fPW0QBclcXnWevzjQBaVgHslP53A-3Fe-3DpLqhq5&d=DwMFAg&c=euGZstcaTDllvimEN8b7jXrwqOf-v5A_CdpgnVfiiMM&r=mnodx980VIdQIEUuj40nlo6SqWIlApASW5Maz_k2Wvg&m=Fd6lDpjo_upk5eKI2EMpZAJ9P_MeTeAFrBqxeSyEsT3JbyBEvravukfhoB3j7Gux&s=MTLeXg5XYwHX0CZkrSZ-20vJC4l7KnRE5CXUfsrNV-I&e=",zcrm_4594564000000554108,LAWRENCE E Whitehead,2025-07-16 12:36:08,,261,261,,Deal Flow,,2024-11-06 13:59:16,2025-01-22 13:00:00,2025-02-18 14:00:00,Listing Agreement - Sent;Listing Agreement - Signed/Executed;Due Diligence - Received;Due Diligence - Sent to Buyers;Due Diligence - Clarified Questions;Due Diligence - Received Offers;LOI - Negotiation,1,Florida,,,22000000,,false,2025-03-31 08:00:00,2024-05-30,2024-06-30,1.5,330000,,,,
zcrm_4594564000057993273,zcrm_4594564000000286001,Stan KLos III,19000000,AL 3 Pack 210 Beds,,,,OPPORTUNITIES,Portfolio Sale,10,,Dilligence Link: https://workdrive.zohoexternal.com/external/4ca84769c8e7ba37a0e6f4df85d2aa9f8d93bd3d205a790fa3a413e16919f52d,zcrm_4594564000000562072,MARK S SIMS,2025-12-23 11:17:58,,,,,Deal Flow,,,2024-11-19 14:00:00,2025-02-17 14:00:00,,3,Alabama,,,,,false,,,,3.0,570000,,,,
zcrm_4594564000058910875,zcrm_4594564000000286001,Stan KLos III,,Ben Main- 1 Alabama SNF,,,,OPPORTUNITIES,Single Asset Sale,10,,"I mentioned 100k a bed, but may be more or less, 1100k is high side.",zcrm_4594564000000558039,Benjamin Gordon Main,2025-11-24 12:49:27,,,,,Deal Flow,,,2024-12-19 14:00:00,2025-02-28 07:00:00,,1,Alabama,,,,,false,,,,,,,,,
zcrm_4594564000059295193,zcrm_4594564000000286001,Stan KLos III,,ALF Referral to Meiser,,zcrm_4594564000059108174,ASPEN AT BROOKHAVEN ALF,OPPORTUNITIES,Single Asset Sale,10,Meiser Gets Engagement,"this is a referral to Meiser from stan.

he does have an al with 44-45 roooms. lcensed for 54 or 55 beds.s..been under performing since covid. once they get stablized they will be willing to sell. they are looking to exit that at any point. he would exit that today.. it was their first AL, its been a challenge since they run it like a snf.. brookhaven MS, the aspen.. built in 2017.. 500 Silver Cross Dr, Brookhaven, MS 39601  there is room on the property to build and alz. Make referral to Meiser.",zcrm_4594564000000561678,BENNY G HUBBARD,2025-10-16 12:02:52,,,,,Deal Flow,,2024-08-15 11:50:51,2024-12-02 15:00:00,2024-07-08 12:00:00,,1,Alabama,,,,,false,,,,,,,,,
zcrm_4594564000059966144,zcrm_4594564000000286001,Stan KLos III,,EDWARD W HURT - *Call*,,,,OPPORTUNITIES,Single Asset Sale,10,Engagement / Listing Agreement,,zcrm_4594564000000495777,EDWARD W HURT,2025-02-18 14:55:32,,,,,Deal Flow,,,2024-11-20 15:00:00,2025-02-17 00:00:00,,,,,,,,false,,,,,,,,,
zcrm_4594564000061697523,zcrm_4594564000000286001,Stan KLos III,,Paramount - Rural LA 2-Pack & TX Retenant,,,,Inactive Deal,Portfolio Sale,10,,lm and sent email with dawne. set task to fu. 09-25-2024,zcrm_4594564000042315153,Dawne Smith,2025-07-22 12:39:36,,,,,Deal Flow,,2025-07-22 12:39:36,2024-11-15 08:00:00,2024-07-29 10:00:00,Sent Company BIO,4,Louisiana;Texas,,,,,false,,,,,,,,,
zcrm_4594564000061721661,zcrm_4594564000000286001,Stan KLos III,,THE GOOD SAMARITAN SOCIETY-KISSIMMEE VILLAGE,,zcrm_4594564000000542174,THE GOOD SAMARITAN SOCIETY-KISSIMMEE VILLAGE,Dead Deal,Single Asset Sale,0,Good Sam FL CCRC - FU,"CCRC-- Link from Joel- Do NOT SHARE- https://teams.microsoft.com/l/team/19%3A-pfSFJRBPUGlxZnLNMiX99Sa0bIJgbghkbSUlHUyZtw1%40thread.tacv2/conversations?groupId=b678e035-c207-454a-bff7-0c918509cea4&tenantId=02a24813-640d-46cd-b583-949f041372b0

75%IL
20%SNF
5%AL",zcrm_4594564000022154649,Joel Fluit,2025-04-01 10:53:20,,,,,Deal Flow,,2024-08-05 09:33:29,2024-11-30 09:00:00,2024-07-29 09:00:00,Sent NDA,1,Florida,,,,,false,,,,,,,,,
zcrm_4594564000061768153,zcrm_4594564000000286001,Stan KLos III,600000,Jeremy SBass - *Call*,2024-09-23,,,Inactive Deal,Single Asset Sale,10,FU on Listing w/ Evans,09-26-2024 ~ Skip - Stan has FU scheduled for Oct.,zcrm_4594564000030478027,Jeremy S Bass,2024-10-11 12:44:47,,53,53,,Deal Flow,,,2024-10-11 09:00:00,2024-08-01 00:00:00,,,,,,,,false,,,,,,,,,
zcrm_4594564000062138243,zcrm_4594564000000286001,Stan KLos III,,Southern Heritage - TN IL Referral to MEISER,,zcrm_4594564000062138226,Southern Heritage Assisted & Independent Living,OPPORTUNITIES,Single Asset Sale,10,Meiser Brokering?,,zcrm_4594564000057672001,Madison Meiser,2025-11-17 15:59:33,,,,,Deal Flow,,2025-07-22 12:39:36,2025-01-13 09:30:00,2024-11-01 11:00:00,,1,Tennessee,,,,,false,,,,,,,,,
zcrm_4594564000062838392,zcrm_4594564000000286001,Stan KLos III,,West TN County Home,,zcrm_4594564000000541341,OBION COUNTY NURSING HOME,Inactive Deal,Single Asset Sale,10,Listing Agreement,,zcrm_4594564000061890407,Steve Carr,2025-07-22 12:39:36,,,,,Deal Flow,,2025-07-22 12:39:36,2024-10-31 09:30:00,2025-01-06 12:00:00,Sent Company BIO,1,Tennessee,,,,,false,,,,,,,,,
zcrm_4594564000062838407,zcrm_4594564000000286001,Stan KLos III,,Christian Care Centers,,,,Inactive Deal,Portfolio Sale,10,Inactive -> Dead? // George Mueller probably has scoop,JOEL TOLD DESK TO TELL ME THAT HE WON'T BE AVAILABLE IN THE FUTURE ...,zcrm_4594564000061788699,Joel Hollingsworth,2025-07-23 12:21:29,,,,,Deal Flow,,2025-07-22 12:39:36,2025-06-20 12:00:00,2025-03-25 12:00:00,,4,Tennessee,,,,,false,,,,,,,,,
zcrm_4594564000063788616,zcrm_4594564000000286001,Stan KLos III,,3mm Mezz Loan for IN Senior Housing Acquisition,,,,Inactive Deal,Debt/Equity Placement,10,make intro to lender.,"https://workdrive.zoho.com/folder/fx2abd4ec29c7f6da4424910f2534d132df41

TERM SHEETS PENDING WITH VIUM OR WHITE OAK.
CURRENTLY $4.4M in NOI
$20M NET WORTH / 5% of that is liquid 
Acquisition Costs- 37mm
LTC- 31MM
Borrower Equity- 1.5m
Mezz Needed- 4.5mm",zcrm_4594564000000659077,John Bartle,2025-02-17 08:20:58,,,,,Deal Flow,,2024-09-27 13:08:10,2024-09-30 08:00:00,2024-08-27 08:00:00,Sent NDA,5,Indiana,,,,,false,,,,,,,,,
zcrm_4594564000065226215,zcrm_4594564000000286001,Stan KLos III,8500000,Customer Bank - NJ SNF in Default,,zcrm_4594564000000526461,MONTCLAIR CARE CENTER,Inactive Deal,Single Asset Sale,10,Revisit - Buyer going forward?,09-26-2024 ~ Skip ~ Just Spoke To,zcrm_4594564000044783746,Anthony Mai,2025-07-22 12:39:36,,,,,Deal Flow,,2025-07-22 12:39:36,2024-11-01 10:00:00,2024-09-12 11:00:00,Lost to Competition;Received NDA,1,New Jersey,,,,,false,,,,,,,,,
zcrm_4594564000065226232,zcrm_4594564000000286001,Stan KLos III,20000000,Customers Bank - RI Receivership,,,,Inactive Deal,Portfolio Sale,10,Revisit - Buyer going forward?,09-26-2024 ~ Skip ~ Just spoke to,zcrm_4594564000044783746,Anthony Mai,2025-07-22 12:39:36,,,,,Deal Flow,,2025-07-22 12:39:36,2024-11-01 10:00:00,2024-09-05 11:00:00,Lost to Competition,2,Rhode Island,,,,,false,,,,,,,,,
zcrm_4594564000065618240,zcrm_4594564000000286001,Stan KLos III,,Ky Seller- Grand daughter texts.,,,,Inactive Deal,Single Asset Sale,10,Get listing signed and get diligence.,,zcrm_4594564000000562118,Nancy K Bolster,2025-06-05 08:21:10,,,,,Deal Flow,,,2024-12-11 14:00:00,2025-06-04 12:15:00,Listing Agreement - Sent,2,Kentucky,,,,,false,,,,,,,,,
zcrm_4594564000065692242,zcrm_4594564000013560003,Malcolm Sullivan,,Appleton City (MO) One-Off,,zcrm_4594564000000548275,APPLETON CITY MANOR,Dead Deal,Single Asset Sale,0,Federal Inspectors // 2025,,zcrm_4594564000065666956,Marcus Reed,2025-09-18 13:37:47,,,,,Deal Flow,,,2025-01-09 09:00:00,2024-11-06 10:00:00,Sent Proposal/Bio,1,Missouri,,,,,false,,,,,,,,,
zcrm_4594564000066629035,zcrm_4594564000000286001,Stan KLos III,,GregMay - *Call*,,,,Dead Deal,Single Asset Sale,0,Engagement / Listing Agreement,,zcrm_4594564000064172721,Greg May,2024-11-06 14:03:38,,,,,Deal Flow,,,2024-10-04 15:00:00,2024-09-23 00:00:00,,,,,,,,false,,,,,,,,,
zcrm_4594564000066691114,zcrm_4594564000000286001,Stan KLos III,25000,NH In Winchester IN- 2.7mm needed MEZZ LOAN 5% FEE-,,,,Dead Deal,Single Asset Sale,0,GET APPRAISAL FOR PAUL.,"DIL LINK: Password- 2Winchester! https://workdrive.zohoexternal.com/external/504d073126c41a0ebb39f529dc87c4518ace1548e0293c869df811fafd58b3a2
500K LOAN FOR 710 SOUTH OAK STREET, WINCHESTER IN. 5% Fee to be paid buy buyer. 
The estimated current value of the 7 acres and building and CON is $3M—-but I do not yet have an appraisal.",zcrm_4594564000000659077,John Bartle,2025-02-17 08:20:49,,,,,Deal Flow,,2024-10-08 11:07:03,2024-10-28 09:00:00,2024-10-24 13:00:00,Received Initial Diligence Items,1,Indiana,,,,,false,,2024-09-23,,,,,,,
zcrm_4594564000067541127,zcrm_4594564000000286001,Stan KLos III,,Arbor Hills (MO),,zcrm_4594564000017977683,ARBOR HILLS NURSING AND REHABILITATION CENTER,Inactive Deal,Single Asset Sale,10,In discussion w/ Buyer ~ Revisit deal?,,zcrm_4594564000063524532,Sadaf Chaudhry,2025-07-22 12:39:36,,,,,Deal Flow,,2025-07-22 12:39:36,2025-01-15 08:00:00,2024-10-15 08:00:00,Sent Proposal/Bio,1,Missouri,,,,,false,,,,,,,,,
zcrm_4594564000067838135,zcrm_4594564000000286001,Stan KLos III,,Lamar Estates- Elizabeth Pagliarini,,zcrm_4594564000047031006,"LAMAR ESTATES, LLC",OPPORTUNITIES,Single Asset Sale,10,Discuss List with Elizabeth,is working with one buyer. Liz wants list of buyers.,,,2025-04-29 11:35:04,,,,,Deal Flow,,2025-04-29 11:35:05,2024-11-15 11:00:00,2024-11-12 11:00:00,,1,Colorado,,,,,false,,,,,,,,,
zcrm_4594564000068174083,zcrm_4594564000000286001,Stan KLos III,,Liberty Ridge KY SNF ACQUISITION- hARD MONEY- 6mm,,,,Dead Deal,Single Asset Sale,0,,"Seacoast is acquiring and needs quick money.
PW: 2LibertyRidge!
NEW LINK https://workdrive.zohoexternal.com/external/dbde02282f6337e4ce19bfc108f8bb9c2a7b436f29288e621196392d5cc0dd00



https://workdrive.zohoexternal.com/external/ced1eba14cedda127c0bcc3cac3a69df5fc4176eeaa99307383384212304c4f9",zcrm_4594564000000659077,John Bartle,2025-02-17 08:20:41,,,,,Deal Flow,,,2024-12-27 09:00:00,2024-12-23 09:00:00,,1,Kentucky,,,,,false,,2024-10-05,,,,,,,
zcrm_4594564000068889534,zcrm_4594564000000286001,Stan KLos III,,RABELLA OF CARRABELLE,,zcrm_4594564000000527426,ARABELLA HEALTH & WELLNESS OF CARRABELLE,OPPORTUNITIES,Single Asset Sale,10,,This is a maybe.,zcrm_4594564000030144038,Josh Sturm,2025-11-04 12:12:01,,,,,Deal Flow,,,2024-11-07 15:00:00,2024-11-06 15:00:00,,1,Florida,,,,,false,,,,,,,,,
zcrm_4594564000069150189,zcrm_4594564000000286001,Stan KLos III,,Mon Valley Care Center (PA),,zcrm_4594564000000551746,MON VALLEY CARE CENTER,OPPORTUNITIES,Single Asset Sale,10,Revisit - Second Crack?,PA IS VERY STRICT - 3G cannot be on any Buyer Commission or LOI/PSA,zcrm_4594564000069357008,Greg Bauer,2025-07-22 12:39:36,,,,,Deal Flow,,2025-07-22 12:39:36,2024-12-03 12:00:00,2024-11-15 13:00:00,Listing Agreement - Sent,1,Pennsylvania,,,,,false,,,,,,,,,
zcrm_4594564000074292968,zcrm_4594564000000286001,Stan KLos III,21000000,The Pointe (MS CCRC ~ $33m),,zcrm_4594564000000536207,THE WINDSOR PLACE,OPPORTUNITIES,Single Asset Sale,10,Discovery Call with family members,"Talking with a group out of Lakewood ~ ""they are not getting it done"" ~ he will know in a week whether or not they can get serious // pricing expectation are $33m for everything (Land/IL/AL/SNF/etc.)",zcrm_4594564000008050775,Gregory L Phillips,2025-07-22 12:39:36,,,,,Deal Flow,,2025-07-22 12:39:36,2025-02-17 13:00:00,2025-02-13 13:00:00,,1,Mississippi,,,,,false,,,,,,,,,
zcrm_4594564000074327599,zcrm_4594564000000286001,Stan KLos III,,Bethel Manor (IN) - HJ Sims ~ Refi/AL dev,,zcrm_4594564000000550894,BETHEL MANOR,Inactive Deal,Debt/Equity Placement,10,Requested Items,,zcrm_4594564000014277114,Jesse Landess,2025-09-09 12:53:44,,,,,Deal Flow,,2025-07-22 12:39:36,2025-04-07 14:00:00,2025-03-18 14:00:00,Sent Proposal/Bio,1,Indiana,,,,,false,,,,,,,,,
zcrm_4594564000074391086,zcrm_4594564000000286001,Stan KLos III,,Tony RayCOOKE - *Call*,,,,OPPORTUNITIES,Single Asset Sale,10,Engagement / Listing Agreement,"843-759-2450 call tony at the home. her sons and her own nursing home call her son Tony Cook.  843-759-2111, which owns Cooke funeral home. Richard Cook is decision maker 843-845-3878 .",zcrm_4594564000000556244,Tony Ray COOKE,2025-07-23 09:43:09,,,,,Deal Flow,,,2025-08-12 14:00:00,2025-06-04 00:00:00,,,,,,,,false,,,,,,,,,
zcrm_4594564000079124933,zcrm_4594564000000286001,Stan KLos III,,Fl Portfolio-,,,,OPPORTUNITIES,Single Asset Sale,10,,891 Beds across 10 buildings.,zcrm_4594564000000495770,"CROSS, KC",2025-02-07 10:55:55,,,,,Deal Flow,,,,2024-12-27 13:00:00,,10,Florida,,,,,false,,2024-12-27,,,,150000000,,,
zcrm_4594564000079367245,zcrm_4594564000000286001,Stan KLos III,,Imperial Manor (NE - County Home),,zcrm_4594564000000521286,IMPERIAL MANOR NURSING HOME,Inactive Deal,Single Asset Sale,10,Engagement // Books & Records,NE is a very-strict State ~ We cannot be on any agreements,zcrm_4594564000073831540,Mayor Craig Loeffler,2025-07-22 12:39:36,,,,,Deal Flow,,2025-07-22 12:39:36,2025-02-28 11:00:00,2025-02-10 08:00:00,Meeting/Appointment,1,Nebraska,,,,,false,,,,2.5,,,,,
zcrm_4594564000080412492,zcrm_4594564000000286001,Stan KLos III,,kevin,,,,Inactive Deal,Single Asset Sale,10,,Kevin and KC today 01-14-2025,zcrm_4594564000080412469,kevin G,2025-02-17 08:20:21,,,,,Deal Flow,,,,2025-01-14 15:00:00,,,,,,,,false,,,,,,,,,
zcrm_4594564000080767034,zcrm_4594564000000286001,Stan KLos III,,Mayor RogerChrans - *Call*,,,,OPPORTUNITIES,Single Asset Sale,10,Engagement / Listing Agreement,,zcrm_4594564000073823389,Mayor Roger Chrans,2025-07-22 12:39:36,,,,,Deal Flow,,2025-07-22 12:39:36,,2025-01-16 00:00:00,,,,,,,,false,,,,,,,,,
zcrm_4594564000082978070,zcrm_4594564000000286001,Stan KLos III,,LaArk (BH ASAM 3.5 & 3.7),,zcrm_4594564000082978018,LAARK RECOVERY,Inactive Deal,Single Asset Sale,10,Books & Records,,zcrm_4594564000081963285,Les Johnson Jr,2025-09-05 09:44:26,,,,,Deal Flow,,2025-07-22 12:39:36,2025-02-17 09:00:00,2025-03-18 09:00:00,Meeting/Appointment;Listing Agreement - Sent,1,Louisiana,,,,,false,,,,,,,,,
zcrm_4594564000085484002,zcrm_4594564000000286001,Stan KLos III,,"REYNOLDS, BRIAN - *Call*",,,,OPPORTUNITIES,Single Asset Sale,10,Engagement / Listing Agreement,oversees CSV platform investments (focus on M&A and financing),zcrm_4594564000000554348,"REYNOLDS, BRIAN",2025-05-12 12:28:13,,,,,Deal Flow,,,,2025-02-14 00:00:00,,,,,,,,false,,,,,,,,,
zcrm_4594564000085569166,zcrm_4594564000000286001,Stan KLos III,4000000,AVS - PR Veterans Home,,zcrm_4594564000084030706,CASA DEL VETERANO,Inactive Deal,Operator Placement,10,Books and Records,,zcrm_4594564000084030676,Tim Sadler,2025-07-22 12:39:36,,,,,Deal Flow,,2025-07-22 12:39:36,2025-03-06 10:00:00,2025-04-08 10:00:00,Meeting/Appointment,1,,,,,,false,,,,2.5,100000,,,,
zcrm_4594564000086705002,zcrm_4594564000000286001,Stan KLos III,21000000,ANDREW PERRY MCDOUGALD - *Call*,2025-10-01,zcrm_4594564000000543752,EAST CAROLINA REHAB AND WELLNESS,Closed Won,Single Asset Sale,100,PSA and OTA FInalization,"Title Company: Moshe Cohen
MoCohen@madisontitle.com


130 SNF Beds 20 ALF                  SNF Census- 73/120
REV 770k YTD - avg                      alf census- 14/20 
EXP 780k YTD - avg
Rent expense 47k/ Month
INTERNAL USE ONLY- BE VERY VAGUE- THEY CAN LOOK UP!!

Original 70 SNF and 20 ALF beds were built in 1991. Additional 60 SNF and therapy rooms added in 1995",zcrm_4594564000000563306,ANDREW PERRY MCDOUGALD,2025-12-16 09:50:43,,217,217,,Deal Flow,,2025-11-04 11:57:25,2025-07-25 17:00:00,2025-10-20 00:00:00,,1,North Carolina,,,21000000,,false,2025-11-01 14:00:00,,,2.5,525000,21000000,,,
zcrm_4594564000088928238,zcrm_4594564000000286001,Stan KLos III,6000000,Graceful,2025-09-19,zcrm_4594564000088928008,Graceful Living Assisted Living,PSA,Single Asset Sale,90,Make Referral,53 semi private and 13 private. 120 beds. seller wants 50k a bed. built in 1990 as an alf.,zcrm_4594564000000563306,ANDREW PERRY MCDOUGALD,2026-01-12 08:34:47,,184,184,,Deal Flow,,2026-01-12 08:34:47,2025-03-21 10:00:00,2025-07-24 10:00:00,Sent Proposal/Bio;Meeting/Appointment,1,North Carolina,,,,,false,,2025-03-19,2025-09-19,,,,,,
zcrm_4594564000095241214,zcrm_4594564000000286001,Stan KLos III,10200000,Merit House,,zcrm_4594564000000536259,MERIT HOUSE LLC,Inactive Deal,Single Asset Sale,10,,"running 82-88 out of 99 census. 2024 8,853,473 Revenue",zcrm_4594564000000556634,John/Jodie Stone,2026-01-09 10:01:32,,,,,Deal Flow,,2026-01-02 13:27:40,2025-10-10 14:00:00,2025-12-03 14:00:00,,,,,,,,false,,,,,,,,,
zcrm_4594564000095312025,zcrm_4594564000000286001,Stan KLos III,,FORCHT 160MM,,,,OPPORTUNITIES,Single Asset Sale,10,,SENT LOI TO FORCHT 06-05-2025,zcrm_4594564000000562116,ROGER ASLIP (POI) ----- JACKIE WILLIS / TERRY FORCHT- CEO,2025-06-30 10:08:33,,,,,Deal Flow,,,2025-06-19 07:00:00,2025-06-05 07:00:00,LOI - Negotiation,9,Kentucky,,,160770000,,false,,,,,,,,,
zcrm_4594564000096564011,zcrm_4594564000000286001,Stan KLos III,14000000,AL County Owned,,zcrm_4594564000091328256,HENRY COUNTY HEALTH AND REHABILITATION FACILITY,OPPORTUNITIES,Single Asset Sale,10,Listing,,,,2025-10-29 10:17:23,,,,,Deal Flow,,,2025-10-08 08:00:00,2025-06-25 08:00:00,Meeting/Appointment,1,Alabama,,,,,false,,,,3.0,420000,14000000,,,
zcrm_4594564000097851013,zcrm_4594564000000286001,Stan KLos III,17000000,Four Leaf,,zcrm_4594564000091328230,CLOVERDALE REHABILITATION AND NURSING CENTER,PSA,Single Asset Sale,90,Lease Buyout and OTA and APA from Buyer,"CENUS CURRENT 85-93, BUT DECLINING SINCE JAN 25.  smoskowitz@cascadellc.com, ssimha@cascadellc.com,  mbertogli@cascadellc.com, cseichter@cascadellc.com",zcrm_4594564000008332334,Teddy Haymon,2026-01-19 16:56:19,,,,,Deal Flow,,2026-01-16 15:39:12,,2026-01-16 10:00:00,LOI - Signed/Executed,1,Alabama,,,,,false,,2025-07-11,,3.0,510000,,,,
zcrm_4594564000098926928,zcrm_4594564000000286001,Stan KLos III,,RogerFloren - *Call*,,,,OPPORTUNITIES,Single Asset Sale,10,Engagement / Listing Agreement,"susan cole, and lisa dee are members of propco llc, Roger Floren is admin/owner. ""Cherry"" is admin AND AT SNF. Roger is Admin at alf ""on the hill""",zcrm_4594564000073880121,Roger Floren,,,,,,Deal Flow,,,,2025-07-23 00:00:00,,,,,,,,false,,,,,,,,,
zcrm_4594564000099655804,zcrm_4594564000000286001,Stan KLos III,,GERARDLACOUR - *Call*,,,,OPPORTUNITIES,Single Asset Sale,10,Engagement / Listing Agreement,,zcrm_4594564000042946342,GERARD LACOUR,2025-08-12 15:57:59,,,,,Deal Flow,,,,2025-08-01 00:00:00,,,,,,,,false,,,,,,,,,
zcrm_4594564000100375429,zcrm_4594564000000286001,Stan KLos III,10000000,College Campus OHIO,,,,OPPORTUNITIES,Single Asset Sale,10,,,zcrm_4594564000000561483,DAVID KLINGERMAN,2025-08-14 10:06:55,,,,,Deal Flow,,,2025-08-15 10:00:00,2025-08-04 10:00:00,,,Ohio,,,,,false,,,,,,,,,
zcrm_4594564000102345226,zcrm_4594564000000286001,Stan KLos III,,flip in nc one of four,,,,OPPORTUNITIES,Single Asset Sale,10,buyer needs to stabilize and will sell.,"they are closing on 4 assets in nc NOV 1 2025, and they may want to flip one out 6-12 months after they close.",zcrm_4594564000043846092,Israel Breger,2026-01-16 08:41:48,,,,,Deal Flow,,2026-01-16 08:41:48,2026-01-27 10:00:00,2025-09-03 10:00:00,,1,North Carolina,,,,,false,,,,,,,,,
zcrm_4594564000102680583,zcrm_4594564000000286001,Stan KLos III,120000,Bedford Care home- Sleeping Tight,2026-01-01,zcrm_4594564000000534356,BEDFORD CARE CENTER OF MARION,Closed Won,Single Asset Sale,100,,Lease offer or purchase option if offer.,zcrm_4594564000000563326,Julie B Mitchell,2026-01-23 09:41:13,,113,113,,Deal Flow,,2026-01-15 13:54:19,2025-12-26 12:00:00,2025-12-26 12:00:00,,1,Mississippi,,,,,false,,2025-09-25,,1.2,1440,,,,
zcrm_4594564000103742011,zcrm_4594564000000286001,Stan KLos III,,CARLYLE SENIOR CARE OF FLORENCE,,zcrm_4594564000000526876,CARLYLE SENIOR CARE OF FLORENCE,Engagement (Listing),Single Asset Sale,10,get diligence from carlyle,,zcrm_4594564000000554961,SHAWN DEVLIN CURL,2025-10-06 12:45:05,,,,,Deal Flow,,,2025-10-07 12:00:00,2025-10-06 12:00:00,Listing Agreement - Signed/Executed,,,,,,,false,,2025-10-24,,,,8800000,,,
zcrm_4594564000105581518,zcrm_4594564000000286001,Stan KLos III,12000000,Lamar MS Adventist Church,,,,OPPORTUNITIES,Single Asset Sale,10,,,zcrm_4594564000072215830,Brian Danese,2026-01-16 10:46:52,,,,,Deal Flow,,2026-01-16 08:45:10,2026-01-28 08:00:00,,,1,,,,,,false,,2026-03-05,,,,,,,
zcrm_4594564000106524042,zcrm_4594564000000286001,Stan KLos III,,Need a call soon Patrick Case.,,,,OPPORTUNITIES,Single Asset Sale,10,,,zcrm_4594564000042200573,Patrick Casey,2026-01-23 16:04:31,,,,,Deal Flow,,2025-11-18 08:34:01,,,,,,,,,,false,,,,,,,,,
zcrm_4594564000107538048,zcrm_4594564000000286001,Stan KLos III,10000000,MS COunty Home- MS,,zcrm_4594564000005031990,SHEARER-RICHARDSON MEMORIAL NURSING HOME,OPPORTUNITIES,Single Asset Sale,10,,,zcrm_4594564000060520127,Joseph Richardson,2026-01-23 10:31:54,,,,,Deal Flow,,2026-01-15 14:24:15,2026-01-28 12:00:00,,,,,,,,,false,,,,,,,,,
zcrm_4594564000107639551,zcrm_4594564000000286001,Stan KLos III,,SLIB and Cascade,,,,OPPORTUNITIES,Single Asset Sale,10,,SLIB BROKER> CASCADE WILL PAY PER EMAIL 12-03-25,zcrm_4594564000049218301,Richard Stern,,,,,,Deal Flow,,2025-12-03 14:25:56,2026-02-10 14:00:00,,,,,,,,,false,,,,,,,,,
zcrm_4594564000107980001,zcrm_4594564000000286001,Stan KLos III,14000000,pa seller at 100K A BED pOCKET LISTING,,,,OPPORTUNITIES,Single Asset Sale,10,,,zcrm_4594564000000561065,MENDEL BRECHER,2026-01-20 10:30:56,,,,,Deal Flow,,2026-01-16 08:44:04,2026-01-19 11:00:00,2026-01-16 11:00:00,,,,,,,,false,,,,,,,,,
